frame,ID,car_type,x1,y1,x2,y2,center_x,center_y,front_x,front_y,back_x,back_y,width,height,lane
0.0,1, white car,177.99,520.46,205.2,533.45,191.59,526.95,177.99,526.95,205.2,526.95,27.21,13.0,2
0.03,1, white car,175.58,520.29,203.24,533.5,189.41,526.89,175.58,526.89,203.24,526.89,27.66,13.21,2
0.07,1, white car,172.76,520.16,200.19,533.27,186.47,526.71,172.76,526.71,200.19,526.71,27.43,13.11,2
0.1,1, white car,170.37,520.06,197.71,533.12,184.04,526.59,170.37,526.59,197.71,526.59,27.34,13.06,2
0.13,1, white car,167.8,519.71,195.64,533.0,181.72,526.35,167.8,526.35,195.64,526.35,27.84,13.28,2
0.17,1, white car,164.81,519.78,192.22,532.86,178.51,526.32,164.81,526.32,192.22,526.32,27.41,13.08,2
0.2,1, white car,161.84,519.54,188.82,532.42,175.33,525.98,161.84,525.98,188.82,525.98,26.99,12.88,2
0.23,1, white car,159.05,519.55,185.59,532.21,172.32,525.88,159.05,525.88,185.59,525.88,26.54,12.66,2
0.3,1, white car,154.26,519.42,180.29,531.81,167.27,525.62,154.26,525.62,180.29,525.62,26.03,12.39,2
0.33,1, white car,151.41,519.46,177.45,531.86,164.43,525.66,151.41,525.66,177.45,525.66,26.04,12.4,2
0.37,1, white car,148.56,519.16,174.67,531.55,161.61,525.35,148.56,525.35,174.67,525.35,26.11,12.39,2
0.4,1, white car,146.37,519.08,171.75,531.1,159.06,525.09,146.37,525.09,171.75,525.09,25.37,12.02,2
0.43,1, white car,143.67,518.95,169.25,531.03,156.46,524.99,143.67,524.99,169.25,524.99,25.58,12.09,2
0.47,1, white car,140.5,518.92,166.34,531.09,153.42,525.01,140.5,525.01,166.34,525.01,25.85,12.17,2
0.5,1, white car,137.58,518.92,163.72,531.21,150.65,525.07,137.58,525.07,163.72,525.07,26.15,12.29,2
0.53,1, white car,135.31,518.91,161.25,531.09,148.28,525.0,135.31,525.0,161.25,525.0,25.94,12.18,2
0.57,1, white car,132.6,518.81,158.38,530.91,145.49,524.86,132.6,524.86,158.38,524.86,25.78,12.1,2
0.6,1, white car,129.36,518.25,156.28,530.91,142.82,524.58,129.36,524.58,156.28,524.58,26.92,12.67,2
0.63,1, white car,127.09,518.09,153.66,530.62,140.38,524.36,127.09,524.36,153.66,524.36,26.56,12.53,2
0.67,1, white car,124.55,518.01,150.19,530.11,137.37,524.06,124.55,524.06,150.19,524.06,25.64,12.09,2
0.7,1, white car,122.14,517.74,147.43,529.66,134.78,523.7,122.14,523.7,147.43,523.7,25.29,11.92,2
0.73,1, white car,119.54,517.66,144.39,529.34,131.97,523.5,119.54,523.5,144.39,523.5,24.85,11.68,2
0.77,1, white car,116.54,517.76,141.55,529.46,129.05,523.61,116.54,523.61,141.55,523.61,25.01,11.7,2
0.8,1, white car,114.0,517.64,138.95,529.31,126.48,523.48,114.0,523.48,138.95,523.48,24.95,11.67,2
0.83,1, white car,111.93,517.77,136.51,529.29,124.22,523.53,111.93,523.53,136.51,523.53,24.58,11.52,2
0.87,1, white car,108.78,517.64,133.68,529.27,121.23,523.45,108.78,523.45,133.68,523.45,24.9,11.63,2
0.9,1, white car,106.52,517.78,130.98,529.16,118.75,523.47,106.52,523.47,130.98,523.47,24.46,11.37,2
0.93,1, white car,102.71,517.67,127.67,529.16,115.19,523.41,102.71,523.41,127.67,523.41,24.96,11.5,2
0.97,1, white car,99.46,517.2,125.23,529.08,112.35,523.14,99.46,523.14,125.23,523.14,25.77,11.88,2
1.0,1, white car,97.34,517.18,123.1,529.06,110.22,523.12,97.34,523.12,123.1,523.12,25.77,11.88,2
1.03,1, white car,94.51,517.09,120.01,528.84,107.26,522.97,94.51,522.97,120.01,522.97,25.5,11.75,2
1.07,1, white car,91.45,517.07,116.82,528.75,104.14,522.91,91.45,522.91,116.82,522.91,25.37,11.68,2
1.1,1, white car,88.67,516.86,114.37,528.68,101.52,522.77,88.67,522.77,114.37,522.77,25.7,11.82,2
1.13,1, white car,85.36,516.37,112.15,528.72,98.76,522.55,85.36,522.55,112.15,522.55,26.79,12.35,2
1.17,1, white car,83.34,516.37,109.72,528.47,96.53,522.42,83.34,522.42,109.72,522.42,26.38,12.1,2
1.2,1, white car,80.2,516.16,106.94,528.46,93.57,522.31,80.2,522.31,106.94,522.31,26.75,12.3,2
1.23,1, white car,77.3,516.13,104.02,528.46,90.66,522.29,77.3,522.29,104.02,522.29,26.71,12.33,2
1.27,1, white car,74.77,516.05,101.33,528.32,88.05,522.19,74.77,522.19,101.33,522.19,26.56,12.27,2
1.3,1, white car,72.56,515.75,98.62,527.76,85.59,521.76,72.56,521.76,98.62,521.76,26.05,12.01,2
1.33,1, white car,69.99,515.46,96.58,527.71,83.28,521.58,69.99,521.58,96.58,521.58,26.59,12.25,2
1.37,1, white car,67.32,515.09,94.53,527.61,80.93,521.35,67.32,521.35,94.53,521.35,27.22,12.52,2
1.4,1, white car,65.13,515.04,92.11,527.41,78.62,521.22,65.13,521.22,92.11,521.22,26.98,12.37,2
1.43,1, white car,62.59,514.85,89.65,527.24,76.12,521.05,62.59,521.05,89.65,521.05,27.06,12.39,2
1.47,1, white car,59.67,514.68,86.52,526.96,73.1,520.82,59.67,520.82,86.52,520.82,26.85,12.29,2
1.5,1, white car,57.44,514.72,83.87,526.8,70.66,520.76,57.44,520.76,83.87,520.76,26.44,12.08,2
1.53,1, white car,54.44,514.46,81.59,526.84,68.02,520.65,54.44,520.65,81.59,520.65,27.14,12.38,2
1.57,1, white car,51.45,514.25,78.68,526.67,65.07,520.46,51.45,520.46,78.68,520.46,27.23,12.42,2
1.6,1, white car,49.01,514.21,75.95,526.5,62.48,520.36,49.01,520.36,75.95,520.36,26.94,12.29,2
1.63,1, white car,46.13,514.05,72.89,526.26,59.51,520.15,46.13,520.15,72.89,520.15,26.77,12.21,2
1.67,1, white car,43.99,514.14,70.54,526.23,57.27,520.18,43.99,520.18,70.54,520.18,26.55,12.09,2
1.7,1, white car,42.02,514.25,68.03,526.07,55.03,520.16,42.02,520.16,68.03,520.16,26.01,11.82,2
1.73,1, white car,39.11,514.21,65.43,526.15,52.27,520.18,39.11,520.18,65.43,520.18,26.32,11.94,2
1.77,1, white car,36.7,513.91,63.14,525.9,49.92,519.91,36.7,519.91,63.14,519.91,26.43,11.98,2
1.8,1, white car,34.3,513.58,60.99,525.69,47.65,519.63,34.3,519.63,60.99,519.63,26.7,12.11,2
1.83,1, white car,31.31,513.53,57.92,525.6,44.62,519.56,31.31,519.56,57.92,519.56,26.61,12.07,2
1.87,1, white car,29.24,513.29,55.49,525.18,42.37,519.24,29.24,519.24,55.49,519.24,26.25,11.89,2
1.9,1, white car,26.8,513.14,53.4,525.2,40.1,519.17,26.8,519.17,53.4,519.17,26.61,12.06,2
1.93,1, white car,24.04,513.07,50.76,525.2,37.4,519.13,24.04,519.13,50.76,519.13,26.72,12.13,2
1.97,1, white car,22.05,512.87,48.53,524.89,35.29,518.88,22.05,518.88,48.53,518.88,26.49,12.02,2
2.0,1, white car,19.5,512.76,46.21,524.89,32.86,518.82,19.5,518.82,46.21,518.82,26.72,12.13,2
2.03,1, white car,16.72,512.82,42.91,524.68,29.82,518.75,16.72,518.75,42.91,518.75,26.18,11.86,2
2.07,1, white car,14.61,512.55,40.73,524.35,27.67,518.45,14.61,518.45,40.73,518.45,26.12,11.8,2
2.1,1, white car,12.51,512.49,38.35,524.16,25.43,518.33,12.51,518.33,38.35,518.33,25.84,11.67,2
2.13,1, white car,9.72,512.44,35.76,524.18,22.74,518.31,9.72,518.31,35.76,518.31,26.04,11.74,2
2.17,1, white car,7.53,512.33,33.61,524.06,20.57,518.2,7.53,518.2,33.61,518.2,26.07,11.73,2
2.2,1, white car,4.77,512.34,30.51,523.88,17.64,518.11,4.77,518.11,30.51,518.11,25.73,11.54,2
2.23,1, white car,2.04,512.13,27.82,523.65,14.93,517.89,2.04,517.89,27.82,517.89,25.78,11.52,2
2.27,1, white car,0.12,511.76,26.09,523.39,13.11,517.58,0.12,517.58,26.09,517.58,25.96,11.62,2
2.3,1, white car,0.0,511.76,24.37,523.46,12.18,517.61,0.0,517.61,24.37,517.61,24.37,11.71,2
2.33,1, white car,0.0,511.95,22.63,523.44,11.31,517.7,0.0,517.7,22.63,517.7,22.63,11.49,2
2.37,1, white car,0.0,511.8,21.13,523.24,10.57,517.52,0.0,517.52,21.13,517.52,21.13,11.44,2
2.4,1, white car,0.0,511.84,19.32,523.03,9.66,517.43,0.0,517.43,19.32,517.43,19.32,11.2,2
2.43,1, white car,0.0,511.97,18.04,523.04,9.02,517.51,0.0,517.51,18.04,517.51,18.04,11.07,2
2.47,1, white car,0.0,511.52,16.89,522.9,8.45,517.21,0.0,517.21,16.89,517.21,16.89,11.38,2
0.0,2, white car,615.2,517.6,643.26,529.74,629.23,523.67,615.2,523.67,643.26,523.67,28.06,12.15,1
0.03,2, white car,612.11,517.06,641.97,530.0,627.04,523.53,612.11,523.53,641.97,523.53,29.86,12.94,1
0.07,2, white car,609.96,516.79,639.28,529.51,624.62,523.15,609.96,523.15,639.28,523.15,29.31,12.72,1
0.1,2, white car,607.1,516.74,636.47,529.51,621.78,523.12,607.1,523.12,636.47,523.12,29.37,12.77,1
0.13,2, white car,604.44,516.94,633.38,529.52,618.91,523.23,604.44,523.23,633.38,523.23,28.94,12.59,1
0.17,2, white car,602.66,517.44,630.34,529.5,616.5,523.47,602.66,523.47,630.34,523.47,27.68,12.06,1
0.2,2, white car,599.77,517.17,627.33,529.2,613.55,523.19,599.77,523.19,627.33,523.19,27.56,12.03,1
0.23,2, white car,596.64,516.96,624.13,528.96,610.39,522.96,596.64,522.96,624.13,522.96,27.49,11.99,1
0.27,2, white car,593.93,516.47,622.08,528.78,608.01,522.62,593.93,522.62,622.08,522.62,28.15,12.3,1
0.3,2, white car,590.84,516.74,619.35,529.25,605.1,522.99,590.84,522.99,619.35,522.99,28.51,12.51,1
0.33,2, white car,588.88,517.2,616.43,529.29,602.65,523.25,588.88,523.25,616.43,523.25,27.55,12.09,1
0.37,2, white car,585.76,516.91,613.97,529.34,599.87,523.12,585.76,523.12,613.97,523.12,28.2,12.43,1
0.4,2, white car,583.0,516.55,611.54,529.11,597.27,522.83,583.0,522.83,611.54,522.83,28.54,12.56,1
0.43,2, white car,580.47,516.39,608.92,528.91,594.7,522.65,580.47,522.65,608.92,522.65,28.45,12.52,1
0.47,2, white car,577.99,516.33,606.27,528.75,592.13,522.54,577.99,522.54,606.27,522.54,28.29,12.42,1
0.5,2, white car,575.48,516.48,603.5,528.8,589.49,522.64,575.48,522.64,603.5,522.64,28.02,12.33,1
0.53,2, white car,573.09,516.52,601.04,528.88,587.07,522.7,573.09,522.7,601.04,522.7,27.95,12.37,1
0.57,2, white car,570.51,516.36,598.26,528.67,584.39,522.52,570.51,522.52,598.26,522.52,27.74,12.31,1
0.6,2, white car,568.16,516.21,595.82,528.48,581.99,522.34,568.16,522.34,595.82,522.34,27.66,12.27,1
0.63,2, white car,565.17,516.18,592.31,528.19,578.74,522.18,565.17,522.18,592.31,522.18,27.14,12.01,1
0.67,2, white car,562.42,516.13,590.06,528.36,576.24,522.25,562.42,522.25,590.06,522.25,27.64,12.23,1
0.7,2, white car,560.24,516.21,587.93,528.51,574.09,522.36,560.24,522.36,587.93,522.36,27.68,12.3,1
0.73,2, white car,557.82,516.1,585.19,528.29,571.51,522.2,557.82,522.2,585.19,522.2,27.37,12.19,1
0.77,2, white car,555.3,516.0,582.45,528.1,568.87,522.05,555.3,522.05,582.45,522.05,27.14,12.1,1
0.8,2, white car,552.49,515.89,580.01,528.18,566.25,522.04,552.49,522.04,580.01,522.04,27.52,12.28,1
0.83,2, white car,549.54,515.74,577.35,528.15,563.44,521.94,549.54,521.94,577.35,521.94,27.81,12.42,1
0.87,2, white car,547.09,515.97,574.67,528.3,560.88,522.13,547.09,522.13,574.67,522.13,27.58,12.34,1
0.9,2, white car,544.62,515.88,571.96,528.11,558.29,522.0,544.62,522.0,571.96,522.0,27.35,12.23,1
0.93,2, white car,541.99,515.67,569.38,527.9,555.69,521.79,541.99,521.79,569.38,521.79,27.39,12.23,1
0.97,2, white car,539.43,515.48,567.23,527.86,553.33,521.67,539.43,521.67,567.23,521.67,27.81,12.39,1
1.0,2, white car,536.69,515.5,564.19,527.75,550.44,521.62,536.69,521.62,564.19,521.62,27.5,12.25,1
1.03,2, white car,534.04,515.38,561.82,527.77,547.93,521.57,534.04,521.57,561.82,521.57,27.78,12.39,1
1.07,2, white car,531.55,515.34,559.54,527.84,545.55,521.59,531.55,521.59,559.54,521.59,27.99,12.5,1
1.1,2, white car,528.94,515.01,557.06,527.6,543.0,521.31,528.94,521.31,557.06,521.31,28.12,12.58,1
1.13,2, white car,526.27,514.79,554.07,527.2,540.17,520.99,526.27,520.99,554.07,520.99,27.8,12.42,1
1.17,2, white car,523.66,514.7,551.39,527.06,537.52,520.88,523.66,520.88,551.39,520.88,27.73,12.36,1
1.2,2, white car,521.3,514.55,549.22,526.97,535.26,520.76,521.3,520.76,549.22,520.76,27.92,12.42,1
1.23,2, white car,518.96,514.76,546.39,526.95,532.68,520.86,518.96,520.86,546.39,520.86,27.44,12.18,1
1.27,2, white car,516.41,514.67,543.98,526.92,530.19,520.8,516.41,520.8,543.98,520.8,27.57,12.25,1
1.3,2, white car,513.3,514.31,541.37,526.78,527.33,520.54,513.3,520.54,541.37,520.54,28.06,12.48,1
1.33,2, white car,510.85,514.18,538.86,526.61,524.85,520.39,510.85,520.39,538.86,520.39,28.01,12.44,1
1.37,2, white car,508.12,514.2,536.51,526.81,522.31,520.5,508.12,520.5,536.51,520.5,28.39,12.6,1
1.4,2, white car,505.81,514.02,534.14,526.59,519.97,520.31,505.81,520.31,534.14,520.31,28.33,12.58,1
1.43,2, white car,503.36,513.94,531.26,526.33,517.31,520.13,503.36,520.13,531.26,520.13,27.9,12.39,1
1.47,2, white car,500.77,513.7,528.55,526.05,514.66,519.87,500.77,519.87,528.55,519.87,27.78,12.36,1
1.5,2, white car,498.58,513.46,526.71,525.93,512.65,519.69,498.58,519.69,526.71,519.69,28.12,12.47,1
1.53,2, white car,496.0,513.51,523.97,525.87,509.98,519.69,496.0,519.69,523.97,519.69,27.97,12.36,1
1.57,2, white car,493.28,513.5,521.09,525.79,507.19,519.65,493.28,519.65,521.09,519.65,27.81,12.29,1
1.6,2, white car,490.91,513.36,518.84,525.7,504.88,519.53,490.91,519.53,518.84,519.53,27.93,12.34,1
1.63,2, white car,488.4,513.25,516.18,525.49,502.29,519.37,488.4,519.37,516.18,519.37,27.78,12.24,1
1.67,2, white car,486.27,513.3,514.21,525.6,500.24,519.45,486.27,519.45,514.21,519.45,27.94,12.3,1
1.7,2, white car,483.74,513.33,511.2,525.4,497.47,519.36,483.74,519.36,511.2,519.36,27.46,12.08,1
1.73,2, white car,481.49,513.42,508.19,525.15,494.84,519.28,481.49,519.28,508.19,519.28,26.7,11.73,1
1.77,2, white car,478.78,513.15,505.56,524.87,492.17,519.01,478.78,519.01,505.56,519.01,26.78,11.72,1
1.8,2, white car,476.34,512.9,503.29,524.63,489.82,518.76,476.34,518.76,503.29,518.76,26.95,11.73,1
1.83,2, white car,473.5,512.71,501.12,524.74,487.31,518.72,473.5,518.72,501.12,518.72,27.62,12.03,1
1.87,2, white car,470.57,512.55,498.95,524.9,484.76,518.72,470.57,518.72,498.95,518.72,28.38,12.35,1
1.9,2, white car,467.71,512.55,496.32,524.94,482.01,518.74,467.71,518.74,496.32,518.74,28.6,12.4,1
1.93,2, white car,464.76,512.42,493.5,524.84,479.13,518.63,464.76,518.63,493.5,518.63,28.74,12.42,1
1.97,2, white car,462.2,512.36,491.11,524.83,476.65,518.59,462.2,518.59,491.11,518.59,28.91,12.47,1
2.0,2, white car,460.64,512.3,489.09,524.56,474.86,518.43,460.64,518.43,489.09,518.43,28.45,12.26,1
2.03,2, white car,458.29,512.22,486.87,524.55,472.58,518.39,458.29,518.39,486.87,518.39,28.58,12.33,1
2.07,2, white car,456.03,512.24,484.46,524.49,470.24,518.37,456.03,518.37,484.46,518.37,28.43,12.25,1
2.1,2, white car,453.74,512.15,481.69,524.17,467.72,518.16,453.74,518.16,481.69,518.16,27.96,12.02,1
2.13,2, white car,451.09,511.81,479.3,523.91,465.2,517.86,451.09,517.86,479.3,517.86,28.21,12.1,1
2.17,2, white car,448.74,511.84,476.63,523.79,462.69,517.81,448.74,517.81,476.63,517.81,27.9,11.95,1
2.2,2, white car,445.97,511.57,474.09,523.58,460.03,517.57,445.97,517.57,474.09,517.57,28.12,12.01,1
2.23,2, white car,443.3,511.43,471.91,523.61,457.61,517.52,443.3,517.52,471.91,517.52,28.61,12.18,1
2.27,2, white car,440.85,511.34,469.21,523.35,455.03,517.34,440.85,517.34,469.21,517.34,28.35,12.01,1
2.3,2, white car,438.41,511.26,466.9,523.3,452.66,517.28,438.41,517.28,466.9,517.28,28.49,12.04,1
2.33,2, white car,436.32,511.13,465.23,523.27,450.78,517.2,436.32,517.2,465.23,517.2,28.91,12.14,1
2.37,2, white car,433.99,511.05,463.01,523.19,448.5,517.12,433.99,517.12,463.01,517.12,29.02,12.13,1
2.4,2, white car,431.02,510.95,460.59,523.33,445.8,517.14,431.02,517.14,460.59,517.14,29.57,12.38,1
2.43,2, white car,428.42,510.81,458.02,523.24,443.22,517.02,428.42,517.02,458.02,517.02,29.6,12.43,1
2.47,2, white car,425.77,510.71,455.51,523.23,440.64,516.97,425.77,516.97,455.51,516.97,29.74,12.52,1
2.5,2, white car,423.27,510.68,452.93,523.17,438.1,516.92,423.27,516.92,452.93,516.92,29.66,12.49,1
2.53,2, white car,420.87,510.58,449.93,522.84,435.4,516.71,420.87,516.71,449.93,516.71,29.06,12.26,1
2.57,2, white car,418.16,510.56,447.25,522.82,432.71,516.69,418.16,516.69,447.25,516.69,29.09,12.27,1
2.6,2, white car,415.64,510.52,444.81,522.85,430.23,516.68,415.64,516.68,444.81,516.68,29.17,12.34,1
2.63,2, white car,413.28,510.38,442.48,522.75,427.88,516.56,413.28,516.56,442.48,516.56,29.2,12.37,1
2.67,2, white car,410.83,510.38,439.77,522.63,425.3,516.5,410.83,516.5,439.77,516.5,28.94,12.24,1
2.7,2, white car,408.57,510.2,437.31,522.37,422.94,516.28,408.57,516.28,437.31,516.28,28.74,12.18,1
2.73,2, white car,406.62,510.02,435.1,522.07,420.86,516.05,406.62,516.05,435.1,516.05,28.48,12.05,1
2.77,2, white car,403.85,509.94,432.21,521.93,418.03,515.93,403.85,515.93,432.21,515.93,28.36,11.99,1
2.8,2, white car,401.46,509.86,429.88,521.89,415.67,515.87,401.46,515.87,429.88,515.87,28.42,12.03,1
2.83,2, white car,398.77,509.88,427.02,521.85,412.9,515.86,398.77,515.86,427.02,515.86,28.25,11.96,1
2.87,2, white car,396.27,509.69,424.55,521.67,410.41,515.68,396.27,515.68,424.55,515.68,28.28,11.98,1
2.9,2, white car,394.03,509.59,422.19,521.53,408.11,515.56,394.03,515.56,422.19,515.56,28.15,11.94,1
2.93,2, white car,392.03,509.62,419.81,521.36,405.92,515.49,392.03,515.49,419.81,515.49,27.77,11.74,1
2.97,2, white car,389.28,509.5,417.09,521.26,403.19,515.38,389.28,515.38,417.09,515.38,27.81,11.76,1
3.0,2, white car,386.93,509.43,414.94,521.31,400.94,515.37,386.93,515.37,414.94,515.37,28.01,11.89,1
3.03,2, white car,384.44,509.34,412.71,521.36,398.58,515.35,384.44,515.35,412.71,515.35,28.27,12.02,1
3.07,2, white car,381.6,509.16,410.09,521.29,395.85,515.22,381.6,515.22,410.09,515.22,28.49,12.12,1
3.1,2, white car,379.03,509.04,407.66,521.24,393.35,515.14,379.03,515.14,407.66,515.14,28.63,12.2,1
3.13,2, white car,376.78,509.16,405.33,521.32,391.06,515.24,376.78,515.24,405.33,515.24,28.55,12.16,1
3.17,2, white car,374.01,509.07,402.7,521.34,388.35,515.21,374.01,515.21,402.7,515.21,28.69,12.27,1
3.2,2, white car,371.64,508.87,400.57,521.28,386.1,515.07,371.64,515.07,400.57,515.07,28.93,12.41,1
3.23,2, white car,369.29,508.97,397.81,521.2,383.55,515.09,369.29,515.09,397.81,515.09,28.52,12.23,1
3.27,2, white car,366.65,508.71,395.02,520.87,380.84,514.79,366.65,514.79,395.02,514.79,28.37,12.15,1
3.3,2, white car,364.52,508.55,392.12,520.32,378.32,514.44,364.52,514.44,392.12,514.44,27.6,11.77,1
3.33,2, white car,361.91,508.64,389.15,520.2,375.53,514.42,361.91,514.42,389.15,514.42,27.24,11.56,1
3.37,2, white car,359.36,508.3,387.11,520.08,373.23,514.19,359.36,514.19,387.11,514.19,27.74,11.77,1
3.4,2, white car,357.23,508.28,384.66,519.9,370.95,514.09,357.23,514.09,384.66,514.09,27.44,11.62,1
3.43,2, white car,354.77,508.11,382.12,519.67,368.44,513.89,354.77,513.89,382.12,513.89,27.35,11.56,1
3.47,2, white car,352.5,507.97,380.11,519.6,366.31,513.78,352.5,513.78,380.11,513.78,27.61,11.63,1
3.5,2, white car,349.92,507.87,377.59,519.48,363.76,513.68,349.92,513.68,377.59,513.68,27.67,11.61,1
3.53,2, white car,347.04,507.84,374.82,519.48,360.93,513.66,347.04,513.66,374.82,513.66,27.78,11.64,1
3.57,2, white car,344.44,507.65,372.67,519.5,358.56,513.57,344.44,513.57,372.67,513.57,28.23,11.86,1
3.6,2, white car,341.8,507.5,370.35,519.5,356.08,513.5,341.8,513.5,370.35,513.5,28.54,12.0,1
3.63,2, white car,339.23,507.39,367.76,519.39,353.5,513.39,339.23,513.39,367.76,513.39,28.53,11.99,1
3.67,2, white car,336.81,507.27,365.42,519.3,351.11,513.28,336.81,513.28,365.42,513.28,28.61,12.03,1
3.7,2, white car,334.32,507.29,362.89,519.29,348.61,513.29,334.32,513.29,362.89,513.29,28.58,12.0,1
3.73,2, white car,331.55,507.17,360.46,519.34,346.0,513.25,331.55,513.25,360.46,513.25,28.91,12.17,1
3.77,2, white car,329.12,507.0,358.37,519.35,343.74,513.18,329.12,513.18,358.37,513.18,29.25,12.35,1
3.8,2, white car,326.57,507.03,355.57,519.3,341.07,513.17,326.57,513.17,355.57,513.17,29.0,12.27,1
4.57,2, white car,268.55,504.22,298.04,516.78,283.3,510.5,268.55,510.5,298.04,510.5,29.49,12.56,1
4.67,2, white car,261.4,504.23,290.38,516.63,275.89,510.43,261.4,510.43,290.38,510.43,28.98,12.4,1
4.7,2, white car,259.14,504.12,287.99,516.53,273.56,510.32,259.14,510.32,287.99,510.32,28.85,12.42,1
4.73,2, white car,256.87,504.05,285.26,516.31,271.06,510.18,256.87,510.18,285.26,510.18,28.39,12.26,1
4.77,2, white car,254.05,503.92,282.26,516.1,268.16,510.01,254.05,510.01,282.26,510.01,28.21,12.19,1
4.8,2, white car,251.64,503.9,279.67,516.07,265.65,509.98,251.64,509.98,279.67,509.98,28.03,12.17,1
4.83,2, white car,249.08,503.94,276.97,516.07,263.02,510.01,249.08,510.01,276.97,510.01,27.89,12.14,1
4.87,2, white car,246.44,503.8,274.67,516.07,260.55,509.94,246.44,509.94,274.67,509.94,28.23,12.27,1
4.9,2, white car,243.67,503.77,271.81,516.01,257.74,509.89,243.67,509.89,271.81,509.89,28.14,12.24,1
4.93,2, white car,240.71,503.43,269.32,515.84,255.02,509.63,240.71,509.63,269.32,509.63,28.6,12.4,1
4.97,2, white car,238.62,503.11,267.41,515.62,253.02,509.37,238.62,509.37,267.41,509.37,28.79,12.51,1
5.0,2, white car,236.23,502.9,265.24,515.54,250.73,509.22,236.23,509.22,265.24,509.22,29.01,12.64,1
5.03,2, white car,233.51,502.98,262.88,515.79,248.19,509.39,233.51,509.39,262.88,509.39,29.36,12.82,1
5.07,2, white car,231.01,502.92,260.41,515.74,245.71,509.33,231.01,509.33,260.41,509.33,29.4,12.81,1
5.1,2, white car,228.31,503.05,257.52,515.78,242.91,509.41,228.31,509.41,257.52,509.41,29.21,12.73,1
5.13,2, white car,225.88,502.77,254.8,515.35,240.34,509.06,225.88,509.06,254.8,509.06,28.92,12.58,1
5.17,2, white car,223.43,502.64,252.65,515.39,238.04,509.01,223.43,509.01,252.65,509.01,29.23,12.75,1
5.2,2, white car,221.3,502.64,249.97,515.16,235.64,508.9,221.3,508.9,249.97,508.9,28.66,12.52,1
5.23,2, white car,218.61,502.47,247.69,515.2,233.15,508.84,218.61,508.84,247.69,508.84,29.08,12.74,1
5.27,2, white car,216.21,502.27,244.97,514.89,230.59,508.58,216.21,508.58,244.97,508.58,28.76,12.62,1
5.3,2, white car,213.94,501.89,242.95,514.59,228.45,508.24,213.94,508.24,242.95,508.24,29.01,12.69,1
5.33,2, white car,211.42,501.78,241.03,514.71,226.23,508.24,211.42,508.24,241.03,508.24,29.61,12.92,1
5.37,2, white car,208.85,501.76,238.42,514.69,223.64,508.22,208.85,508.22,238.42,508.22,29.56,12.93,1
5.4,2, white car,206.09,501.72,235.22,514.53,220.65,508.13,206.09,508.13,235.22,508.13,29.13,12.81,1
5.43,2, white car,203.39,501.62,232.65,514.54,218.02,508.08,203.39,508.08,232.65,508.08,29.27,12.92,1
5.47,2, white car,200.89,501.58,229.96,514.44,215.43,508.01,200.89,508.01,229.96,508.01,29.07,12.86,1
5.5,2, white car,198.26,501.43,227.42,514.32,212.84,507.88,198.26,507.88,227.42,507.88,29.16,12.89,1
5.53,2, white car,195.81,501.36,225.28,514.38,210.55,507.87,195.81,507.87,225.28,507.87,29.48,13.02,1
5.57,2, white car,193.62,501.46,222.81,514.37,208.21,507.91,193.62,507.91,222.81,507.91,29.19,12.91,1
5.6,2, white car,190.94,501.32,219.78,514.1,205.36,507.71,190.94,507.71,219.78,507.71,28.84,12.78,1
5.63,2, white car,188.45,501.15,217.14,513.88,202.8,507.51,188.45,507.51,217.14,507.51,28.69,12.73,1
5.67,2, white car,186.2,501.18,214.71,513.8,200.45,507.49,186.2,507.49,214.71,507.49,28.51,12.62,1
5.7,2, white car,183.73,501.13,211.94,513.55,197.83,507.34,183.73,507.34,211.94,507.34,28.21,12.42,1
5.73,2, white car,181.42,500.84,209.61,513.21,195.51,507.02,181.42,507.02,209.61,507.02,28.19,12.38,1
5.77,2, white car,178.75,500.76,207.35,513.29,193.05,507.03,178.75,507.03,207.35,507.03,28.6,12.53,1
5.8,2, white car,176.09,500.52,204.96,513.18,190.52,506.85,176.09,506.85,204.96,506.85,28.88,12.67,1
5.83,2, white car,173.75,500.33,202.56,512.97,188.16,506.65,173.75,506.65,202.56,506.65,28.81,12.64,1
5.87,2, white car,170.95,500.39,199.64,512.96,185.3,506.67,170.95,506.67,199.64,506.67,28.68,12.57,1
5.9,2, white car,168.59,500.35,197.33,512.92,182.96,506.64,168.59,506.64,197.33,506.64,28.74,12.57,1
5.93,2, white car,166.34,500.22,195.35,512.92,180.84,506.57,166.34,506.57,195.35,506.57,29.01,12.7,1
5.97,2, white car,163.24,499.89,192.69,512.84,177.97,506.37,163.24,506.37,192.69,506.37,29.45,12.95,1
6.0,2, white car,160.91,499.67,190.75,512.82,175.83,506.25,160.91,506.25,190.75,506.25,29.84,13.15,1
6.03,2, white car,158.34,499.51,188.27,512.74,173.3,506.13,158.34,506.13,188.27,506.13,29.93,13.23,1
6.07,2, white car,155.86,499.6,185.31,512.62,170.58,506.11,155.86,506.11,185.31,506.11,29.45,13.02,1
6.1,2, white car,153.7,499.61,182.88,512.48,168.29,506.05,153.7,506.05,182.88,506.05,29.19,12.87,1
6.13,2, white car,151.64,499.39,180.78,512.24,166.21,505.81,151.64,505.81,180.78,505.81,29.13,12.86,1
6.17,2, white car,148.84,499.17,177.72,511.92,163.28,505.54,148.84,505.54,177.72,505.54,28.88,12.76,1
6.2,2, white car,146.56,499.03,175.2,511.66,160.88,505.34,146.56,505.34,175.2,505.34,28.64,12.63,1
6.23,2, white car,144.19,499.08,172.8,511.73,158.49,505.4,144.19,505.4,172.8,505.4,28.61,12.64,1
6.27,2, white car,141.59,499.13,170.07,511.71,155.83,505.42,141.59,505.42,170.07,505.42,28.48,12.59,1
6.3,2, white car,139.33,499.11,167.7,511.64,153.52,505.37,139.33,505.37,167.7,505.37,28.38,12.53,1
6.33,2, white car,137.09,498.91,165.56,511.48,151.33,505.2,137.09,505.2,165.56,505.2,28.47,12.57,1
6.37,2, white car,134.51,498.91,162.84,511.41,148.67,505.16,134.51,505.16,162.84,505.16,28.34,12.5,1
6.4,2, white car,132.23,498.72,160.28,511.04,146.25,504.88,132.23,504.88,160.28,504.88,28.04,12.32,1
6.43,2, white car,129.68,498.49,157.58,510.72,143.63,504.6,129.68,504.6,157.58,504.6,27.9,12.23,1
6.47,2, white car,127.27,498.51,155.01,510.62,141.14,504.56,127.27,504.56,155.01,504.56,27.74,12.11,1
6.5,2, white car,124.92,498.41,152.61,510.45,138.76,504.43,124.92,504.43,152.61,504.43,27.7,12.04,1
6.53,2, white car,123.0,498.32,150.22,510.13,136.61,504.22,123.0,504.22,150.22,504.22,27.22,11.81,1
6.57,2, white car,120.25,498.35,147.7,510.23,133.98,504.29,120.25,504.29,147.7,504.29,27.45,11.88,1
6.6,2, white car,117.53,498.35,145.35,510.37,131.44,504.36,117.53,504.36,145.35,504.36,27.83,12.02,1
6.63,2, white car,115.17,498.25,142.59,510.03,128.88,504.14,115.17,504.14,142.59,504.14,27.41,11.78,1
6.67,2, white car,112.85,498.37,139.98,509.94,126.42,504.16,112.85,504.16,139.98,504.16,27.13,11.57,1
6.7,2, white car,110.57,498.27,137.82,509.84,124.19,504.05,110.57,504.05,137.82,504.05,27.25,11.57,1
6.73,2, white car,107.68,497.8,135.32,509.5,121.5,503.65,107.68,503.65,135.32,503.65,27.64,11.7,1
6.77,2, white car,104.73,497.75,133.1,509.76,118.91,503.76,104.73,503.76,133.1,503.76,28.37,12.01,1
6.8,2, white car,102.17,497.51,131.03,509.71,116.6,503.61,102.17,503.61,131.03,503.61,28.86,12.2,1
6.83,2, white car,99.84,497.41,128.42,509.49,114.13,503.45,99.84,503.45,128.42,503.45,28.58,12.08,1
6.87,2, white car,97.82,497.47,126.17,509.42,111.99,503.44,97.82,503.44,126.17,503.44,28.35,11.96,1
6.9,2, white car,95.92,497.44,124.29,509.35,110.11,503.4,95.92,503.4,124.29,503.4,28.37,11.91,1
6.93,2, white car,93.1,497.2,121.4,509.09,107.25,503.15,93.1,503.15,121.4,503.15,28.31,11.88,1
6.97,2, white car,90.69,497.21,119.26,509.23,104.97,503.22,90.69,503.22,119.26,503.22,28.57,12.02,1
7.0,2, white car,88.13,497.1,116.67,509.13,102.4,503.11,88.13,503.11,116.67,503.11,28.54,12.03,1
7.03,2, white car,85.66,496.96,114.01,508.88,99.84,502.92,85.66,502.92,114.01,502.92,28.34,11.92,1
7.07,2, white car,83.15,496.68,111.17,508.43,97.16,502.55,83.15,502.55,111.17,502.55,28.02,11.75,1
7.1,2, white car,80.7,496.53,109.08,508.4,94.89,502.46,80.7,502.46,109.08,502.46,28.38,11.86,1
7.13,2, white car,77.91,496.44,106.67,508.49,92.29,502.46,77.91,502.46,106.67,502.46,28.76,12.05,1
7.17,2, white car,75.29,496.46,104.12,508.56,89.7,502.51,75.29,502.51,104.12,502.51,28.83,12.1,1
7.2,2, white car,72.97,496.55,101.62,508.57,87.3,502.56,72.97,502.56,101.62,502.56,28.65,12.02,1
7.23,2, white car,70.78,496.68,99.05,508.51,84.91,502.59,70.78,502.59,99.05,502.59,28.28,11.83,1
7.27,2, white car,68.74,496.68,96.77,508.37,82.75,502.52,68.74,502.52,96.77,502.52,28.03,11.69,1
7.3,2, white car,66.52,496.46,94.44,508.03,80.48,502.24,66.52,502.24,94.44,502.24,27.92,11.58,1
7.33,2, white car,63.86,496.21,92.39,508.04,78.13,502.12,63.86,502.12,92.39,502.12,28.54,11.83,1
7.37,2, white car,61.54,496.17,90.18,508.03,75.86,502.1,61.54,502.1,90.18,502.1,28.64,11.86,1
7.4,2, white car,59.18,496.05,87.57,507.78,73.38,501.92,59.18,501.92,87.57,501.92,28.39,11.74,1
7.43,2, white car,56.72,496.0,85.01,507.68,70.87,501.84,56.72,501.84,85.01,501.84,28.28,11.68,1
7.47,2, white car,54.5,495.84,82.86,507.54,68.68,501.69,54.5,501.69,82.86,501.69,28.36,11.7,1
7.5,2, white car,51.97,495.8,80.49,507.53,66.23,501.66,51.97,501.66,80.49,501.66,28.52,11.73,1
7.53,2, white car,49.2,495.49,78.29,507.46,63.75,501.47,49.2,501.47,78.29,501.47,29.09,11.98,1
7.57,2, white car,46.96,495.41,76.17,507.46,61.57,501.43,46.96,501.43,76.17,501.43,29.21,12.05,1
7.6,2, white car,44.48,495.33,73.41,507.28,58.94,501.31,44.48,501.31,73.41,501.31,28.93,11.95,1
7.63,2, white car,42.06,495.08,70.78,506.94,56.42,501.01,42.06,501.01,70.78,501.01,28.71,11.86,1
7.67,2, white car,39.56,494.97,68.66,506.99,54.11,500.98,39.56,500.98,68.66,500.98,29.1,12.02,1
7.7,2, white car,37.11,495.02,66.16,506.99,51.63,501.0,37.11,501.0,66.16,501.0,29.06,11.97,1
7.73,2, white car,34.69,494.76,63.69,506.75,49.19,500.76,34.69,500.76,63.69,500.76,29.0,11.99,1
7.77,2, white car,32.26,494.9,61.22,506.91,46.74,500.9,32.26,500.9,61.22,500.9,28.96,12.01,1
7.8,2, white car,29.6,494.85,58.41,506.81,44.01,500.83,29.6,500.83,58.41,500.83,28.82,11.96,1
7.83,2, white car,26.97,494.58,56.05,506.66,41.51,500.62,26.97,500.62,56.05,500.62,29.08,12.08,1
7.87,2, white car,24.69,494.52,53.84,506.63,39.27,500.57,24.69,500.57,53.84,500.57,29.15,12.1,1
7.9,2, white car,22.28,494.43,50.96,506.34,36.62,500.38,22.28,500.38,50.96,500.38,28.68,11.91,1
7.93,2, white car,19.6,494.26,48.68,506.32,34.14,500.29,19.6,500.29,48.68,500.29,29.08,12.07,1
7.97,2, white car,16.97,494.18,46.19,506.28,31.58,500.23,16.97,500.23,46.19,500.23,29.22,12.1,1
8.0,2, white car,14.74,494.02,43.67,506.01,29.21,500.01,14.74,500.01,43.67,500.01,28.93,11.98,1
8.03,2, white car,12.98,493.84,41.79,505.75,27.39,499.8,12.98,499.8,41.79,499.8,28.81,11.91,1
8.07,2, white car,10.62,493.33,39.97,505.5,25.29,499.42,10.62,499.42,39.97,499.42,29.35,12.17,1
8.1,2, white car,7.66,493.3,37.31,505.58,22.49,499.44,7.66,499.44,37.31,499.44,29.65,12.28,1
8.13,2, white car,4.83,493.13,35.09,505.65,19.96,499.39,4.83,499.39,35.09,499.39,30.26,12.51,1
8.17,2, white car,2.27,493.01,32.95,505.72,17.61,499.37,2.27,499.37,32.95,499.37,30.68,12.71,1
8.2,2, white car,0.0,492.86,30.46,505.66,15.23,499.26,0.0,499.26,30.46,499.26,30.46,12.81,1
8.23,2, white car,0.0,492.79,28.67,505.6,14.33,499.19,0.0,499.19,28.67,499.19,28.67,12.82,1
8.27,2, white car,0.0,492.73,26.54,505.17,13.27,498.95,0.0,498.95,26.54,498.95,26.54,12.45,1
8.3,2, white car,0.0,493.2,24.48,505.09,12.24,499.14,0.0,499.14,24.48,499.14,24.48,11.89,1
8.33,2, white car,0.0,493.21,23.24,505.05,11.62,499.13,0.0,499.13,23.24,499.13,23.24,11.84,1
8.37,2, white car,0.0,493.1,22.07,504.62,11.03,498.86,0.0,498.86,22.07,498.86,22.07,11.52,1
8.4,2, white car,0.0,493.15,20.51,504.41,10.26,498.78,0.0,498.78,20.51,498.78,20.51,11.26,1
8.43,2, white car,0.0,492.94,19.13,504.01,9.57,498.48,0.0,498.48,19.13,498.48,19.13,11.07,1
0.0,4, white car,844.33,533.1,877.22,547.85,860.77,540.48,844.33,540.48,877.22,540.48,32.89,14.75,2
0.03,4, white car,841.45,533.08,874.2,547.77,857.82,540.43,841.45,540.43,874.2,540.43,32.75,14.69,2
0.07,4, white car,838.02,533.03,870.87,547.78,854.44,540.4,838.02,540.4,870.87,540.4,32.86,14.75,2
0.1,4, white car,835.06,533.19,868.22,548.08,851.64,540.63,835.06,540.63,868.22,540.63,33.15,14.88,2
0.13,4, white car,832.16,533.4,864.6,547.96,848.38,540.68,832.16,540.68,864.6,540.68,32.44,14.56,2
0.17,4, white car,829.41,533.56,861.34,547.88,845.38,540.72,829.41,540.72,861.34,540.72,31.92,14.33,2
0.23,4, white car,823.06,533.51,854.93,547.81,839.0,540.66,823.06,540.66,854.93,540.66,31.88,14.3,2
0.27,4, white car,820.24,533.5,852.4,547.91,836.32,540.7,820.24,540.7,852.4,540.7,32.16,14.41,2
0.3,4, white car,817.33,533.64,849.24,547.93,833.29,540.78,817.33,540.78,849.24,540.78,31.91,14.29,2
0.33,4, white car,814.24,533.89,845.5,547.85,829.87,540.87,814.24,540.87,845.5,540.87,31.26,13.97,2
0.37,4, white car,810.51,533.75,842.38,548.02,826.45,540.88,810.51,540.88,842.38,540.88,31.87,14.27,2
0.4,4, white car,807.43,533.72,839.62,548.13,823.52,540.92,807.43,540.92,839.62,540.92,32.18,14.41,2
0.43,4, white car,804.39,533.63,836.42,547.99,820.4,540.81,804.39,540.81,836.42,540.81,32.02,14.35,2
0.47,4, white car,801.96,533.96,833.28,548.01,817.62,540.98,801.96,540.98,833.28,540.98,31.32,14.05,2
0.5,4, white car,800.0,534.37,830.31,547.9,815.16,541.13,800.0,541.13,830.31,541.13,30.31,13.53,2
0.53,4, white car,796.26,534.32,827.11,548.05,811.68,541.19,796.26,541.19,827.11,541.19,30.85,13.73,2
0.57,4, white car,792.69,534.54,823.95,548.43,808.32,541.48,792.69,541.48,823.95,541.48,31.25,13.89,2
0.6,4, white car,789.77,534.66,821.21,548.61,805.49,541.63,789.77,541.63,821.21,541.63,31.44,13.95,2
0.63,4, white car,786.59,534.74,818.1,548.67,802.35,541.7,786.59,541.7,818.1,541.7,31.51,13.93,2
0.67,4, white car,783.32,534.79,814.45,548.51,798.89,541.65,783.32,541.65,814.45,541.65,31.12,13.72,2
0.7,4, white car,780.4,534.92,811.62,548.64,796.01,541.78,780.4,541.78,811.62,541.78,31.22,13.71,2
0.73,4, white car,777.56,534.94,809.17,548.79,793.36,541.87,777.56,541.87,809.17,541.87,31.61,13.85,2
0.77,4, white car,775.11,535.01,805.8,548.43,790.46,541.72,775.11,541.72,805.8,541.72,30.69,13.42,2
0.8,4, white car,772.46,535.17,802.3,548.15,787.38,541.66,772.46,541.66,802.3,541.66,29.84,12.98,2
0.83,4, white car,768.8,535.03,799.54,548.35,784.17,541.69,768.8,541.69,799.54,541.69,30.74,13.32,2
0.87,4, white car,765.18,534.97,796.91,548.71,781.05,541.84,765.18,541.84,796.91,541.84,31.74,13.74,2
0.9,4, white car,761.7,534.82,794.19,548.9,777.95,541.86,761.7,541.86,794.19,541.86,32.49,14.08,2
0.93,4, white car,759.29,534.74,791.8,548.83,775.55,541.78,759.29,541.78,791.8,541.78,32.52,14.09,2
0.97,4, white car,756.72,535.04,787.78,548.45,772.25,541.74,756.72,541.74,787.78,541.74,31.05,13.41,2
1.0,4, white car,753.48,535.04,784.99,548.66,769.24,541.85,753.48,541.85,784.99,541.85,31.51,13.62,2
1.03,4, white car,750.47,535.16,781.93,548.73,766.2,541.95,750.47,541.95,781.93,541.95,31.46,13.57,2
1.07,4, white car,747.6,535.21,779.13,548.8,763.36,542.0,747.6,542.0,779.13,542.0,31.53,13.59,2
1.1,4, white car,745.01,535.25,776.02,548.6,760.52,541.93,745.01,541.93,776.02,541.93,31.01,13.35,2
1.13,4, white car,741.66,535.15,772.97,548.61,757.31,541.88,741.66,541.88,772.97,541.88,31.31,13.45,2
1.17,4, white car,737.89,535.17,770.35,549.12,754.12,542.14,737.89,542.14,770.35,542.14,32.46,13.95,2
1.2,4, white car,734.55,535.22,767.39,549.35,750.97,542.28,734.55,542.28,767.39,542.28,32.84,14.13,2
1.23,4, white car,732.11,535.17,764.87,549.29,748.49,542.23,732.11,542.23,764.87,542.23,32.76,14.12,2
1.27,4, white car,729.29,535.18,761.71,549.13,745.5,542.15,729.29,542.15,761.71,542.15,32.42,13.95,2
1.3,4, white car,725.67,534.97,758.95,549.31,742.31,542.14,725.67,542.14,758.95,542.14,33.28,14.34,2
1.33,4, white car,722.54,534.99,755.93,549.42,739.23,542.2,722.54,542.2,755.93,542.2,33.39,14.43,2
1.37,4, white car,719.54,535.17,752.57,549.46,736.05,542.31,719.54,542.31,752.57,542.31,33.03,14.28,2
1.4,4, white car,717.35,535.4,749.55,549.32,733.45,542.36,717.35,542.36,749.55,542.36,32.2,13.92,2
1.43,4, white car,714.52,535.46,745.73,548.91,730.12,542.19,714.52,542.19,745.73,542.19,31.21,13.46,2
1.47,4, white car,711.12,535.2,743.18,549.02,727.15,542.11,711.12,542.11,743.18,542.11,32.06,13.82,2
1.5,4, white car,707.78,535.2,740.68,549.37,724.23,542.28,707.78,542.28,740.68,542.28,32.9,14.17,2
1.53,4, white car,704.67,535.23,737.68,549.46,721.17,542.34,704.67,542.34,737.68,542.34,33.01,14.23,2
1.57,4, white car,702.1,535.29,734.58,549.3,718.34,542.29,702.1,542.29,734.58,542.29,32.47,14.01,2
1.6,4, white car,699.03,535.35,731.67,549.41,715.35,542.38,699.03,542.38,731.67,542.38,32.63,14.06,2
1.63,4, white car,695.44,535.31,728.68,549.67,712.06,542.49,695.44,542.49,728.68,542.49,33.23,14.36,2
1.67,4, white car,692.38,535.24,725.63,549.61,709.01,542.43,692.38,542.43,725.63,542.43,33.25,14.37,2
1.7,4, white car,690.02,535.24,722.72,549.35,706.37,542.3,690.02,542.3,722.72,542.3,32.7,14.11,2
1.73,4, white car,687.42,535.25,719.32,548.99,703.37,542.12,687.42,542.12,719.32,542.12,31.9,13.74,2
1.77,4, white car,684.3,535.18,716.58,549.08,700.44,542.13,684.3,542.13,716.58,542.13,32.29,13.89,2
1.8,4, white car,680.56,535.06,713.97,549.45,697.26,542.26,680.56,542.26,713.97,542.26,33.41,14.4,2
1.83,4, white car,677.27,535.09,711.27,549.75,694.27,542.42,677.27,542.42,711.27,542.42,34.0,14.66,2
1.87,4, white car,674.4,534.91,708.67,549.72,691.54,542.32,674.4,542.32,708.67,542.32,34.27,14.82,2
1.9,4, white car,671.5,534.88,705.47,549.58,688.49,542.23,671.5,542.23,705.47,542.23,33.97,14.69,2
1.93,4, white car,668.47,534.82,702.5,549.58,685.48,542.2,668.47,542.2,702.5,542.2,34.04,14.76,2
1.97,4, white car,665.26,534.92,699.26,549.69,682.26,542.3,665.26,542.3,699.26,542.3,33.99,14.77,2
2.0,4, white car,662.28,534.94,696.07,549.65,679.18,542.29,662.28,542.29,696.07,542.29,33.79,14.72,2
2.03,4, white car,659.56,534.95,693.15,549.59,676.36,542.27,659.56,542.27,693.15,542.27,33.59,14.65,2
2.07,4, white car,656.74,535.0,689.83,549.41,673.29,542.21,656.74,542.21,689.83,542.21,33.09,14.42,2
2.1,4, white car,653.31,534.91,687.25,549.72,670.28,542.31,653.31,542.31,687.25,542.31,33.94,14.81,2
2.13,4, white car,650.39,534.85,684.56,549.77,667.47,542.31,650.39,542.31,684.56,542.31,34.18,14.92,2
2.17,4, white car,647.67,534.85,681.84,549.77,664.75,542.31,647.67,542.31,681.84,542.31,34.17,14.92,2
2.2,4, white car,644.87,534.79,678.89,549.66,661.88,542.22,644.87,542.22,678.89,542.22,34.01,14.87,2
2.23,4, white car,642.35,534.75,675.72,549.29,659.04,542.02,642.35,542.02,675.72,542.02,33.37,14.55,2
2.27,4, white car,638.78,534.53,673.23,549.55,656.01,542.04,638.78,542.04,673.23,542.04,34.46,15.03,2
2.3,4, white car,636.1,534.59,669.76,549.23,652.93,541.91,636.1,541.91,669.76,541.91,33.66,14.64,2
2.33,4, white car,633.35,534.57,666.66,549.04,650.0,541.8,633.35,541.8,666.66,541.8,33.31,14.47,2
2.37,4, white car,630.66,534.58,663.53,548.8,647.09,541.69,630.66,541.69,663.53,541.69,32.87,14.23,2
2.4,4, white car,627.49,534.53,660.6,548.82,644.05,541.67,627.49,541.67,660.6,541.67,33.1,14.29,2
2.43,4, white car,623.82,534.26,658.08,549.08,640.95,541.67,623.82,541.67,658.08,541.67,34.25,14.82,2
2.47,4, white car,621.19,534.4,655.01,549.01,638.1,541.71,621.19,541.71,655.01,541.71,33.82,14.61,2
2.5,4, white car,618.6,534.33,652.13,548.81,635.36,541.57,618.6,541.57,652.13,541.57,33.52,14.48,2
2.53,4, white car,615.15,534.25,649.09,548.9,632.12,541.58,615.15,541.58,649.09,541.58,33.94,14.65,2
2.57,4, white car,611.59,534.19,646.24,549.19,628.92,541.69,611.59,541.69,646.24,541.69,34.65,15.01,2
2.6,4, white car,608.82,534.02,643.31,548.99,626.07,541.51,608.82,541.51,643.31,541.51,34.5,14.97,2
2.63,4, white car,605.46,533.77,640.49,549.02,622.97,541.39,605.46,541.39,640.49,541.39,35.03,15.25,2
2.67,4, white car,603.14,533.94,637.62,548.98,620.38,541.46,603.14,541.46,637.62,541.46,34.47,15.04,2
2.7,4, white car,600.66,533.95,634.29,548.63,617.48,541.29,600.66,541.29,634.29,541.29,33.63,14.68,2
2.73,4, white car,597.51,533.76,631.78,548.76,614.65,541.26,597.51,541.26,631.78,541.26,34.27,15.01,2
2.77,4, white car,594.37,533.68,628.9,548.85,611.64,541.27,594.37,541.27,628.9,541.27,34.53,15.17,2
2.8,4, white car,591.07,533.53,625.61,548.76,608.34,541.14,591.07,541.14,625.61,541.14,34.54,15.23,2
2.83,4, white car,588.21,533.43,622.96,548.79,605.58,541.11,588.21,541.11,622.96,541.11,34.75,15.36,2
2.87,4, white car,585.56,533.39,619.58,548.4,602.57,540.89,585.56,540.89,619.58,540.89,34.02,15.0,2
2.9,4, white car,582.37,533.29,616.33,548.27,599.35,540.78,582.37,540.78,616.33,540.78,33.96,14.98,2
2.93,4, white car,579.7,533.25,613.59,548.2,596.64,540.73,579.7,540.73,613.59,540.73,33.89,14.95,2
2.97,4, white car,577.05,533.32,610.58,548.14,593.81,540.73,577.05,540.73,610.58,540.73,33.53,14.81,2
3.0,4, white car,574.47,533.43,607.59,548.06,591.03,540.74,574.47,540.74,607.59,540.74,33.12,14.63,2
3.03,4, white car,571.53,533.31,604.6,547.86,588.07,540.58,571.53,540.58,604.6,540.58,33.07,14.56,2
3.07,4, white car,568.29,533.16,601.63,547.82,584.96,540.49,568.29,540.49,601.63,540.49,33.34,14.66,2
3.1,4, white car,565.46,533.14,598.92,547.81,582.19,540.47,565.46,540.47,598.92,540.47,33.46,14.66,2
3.13,4, white car,562.59,533.11,596.23,547.85,579.41,540.48,562.59,540.48,596.23,540.48,33.64,14.74,2
3.17,4, white car,559.83,533.03,593.73,547.86,576.78,540.44,559.83,540.44,593.73,540.44,33.9,14.83,2
3.2,4, white car,556.75,532.83,590.87,547.74,573.81,540.28,556.75,540.28,590.87,540.28,34.12,14.91,2
3.23,4, white car,553.69,532.79,588.09,547.78,570.89,540.28,553.69,540.28,588.09,540.28,34.4,14.99,2
3.27,4, white car,550.72,532.77,585.23,547.77,567.97,540.27,550.72,540.27,585.23,540.27,34.51,15.0,2
3.37,4, white car,542.42,532.46,575.64,546.86,559.03,539.66,542.42,539.66,575.64,539.66,33.22,14.4,2
3.4,4, white car,539.66,532.41,572.74,546.69,556.2,539.55,539.66,539.55,572.74,539.55,33.08,14.28,2
3.47,4, white car,534.54,532.33,567.32,546.42,550.93,539.38,534.54,539.38,567.32,539.38,32.77,14.09,2
3.5,4, white car,531.34,532.34,564.58,546.55,547.96,539.45,531.34,539.45,564.58,539.45,33.24,14.21,2
3.53,4, white car,527.54,532.16,561.05,546.48,544.29,539.32,527.54,539.32,561.05,539.32,33.51,14.33,2
3.57,4, white car,524.45,532.06,558.15,546.46,541.3,539.26,524.45,539.26,558.15,539.26,33.69,14.4,2
3.6,4, white car,521.65,532.04,555.53,546.53,538.59,539.29,521.65,539.29,555.53,539.29,33.87,14.49,2
3.63,4, white car,519.01,532.03,552.67,546.46,535.84,539.25,519.01,539.25,552.67,539.25,33.65,14.43,2
3.67,4, white car,516.37,531.93,549.98,546.31,533.18,539.12,516.37,539.12,549.98,539.12,33.61,14.38,2
3.7,4, white car,513.39,531.94,547.15,546.39,530.27,539.17,513.39,539.17,547.15,539.17,33.76,14.45,2
3.73,4, white car,510.41,531.61,544.44,546.19,527.43,538.9,510.41,538.9,544.44,538.9,34.04,14.58,2
3.77,4, white car,507.39,531.38,541.44,545.96,524.41,538.67,507.39,538.67,541.44,538.67,34.05,14.58,2
3.8,4, white car,504.49,531.27,538.57,545.9,521.53,538.58,504.49,538.58,538.57,538.58,34.09,14.63,2
3.83,4, white car,501.87,530.88,535.89,545.46,518.88,538.17,501.87,538.17,535.89,538.17,34.03,14.59,2
3.87,4, white car,498.66,530.81,532.96,545.53,515.81,538.17,498.66,538.17,532.96,538.17,34.31,14.72,2
3.9,4, white car,495.76,530.82,529.78,545.42,512.77,538.12,495.76,538.12,529.78,538.12,34.02,14.6,2
3.93,4, white car,493.09,530.85,526.7,545.27,509.9,538.06,493.09,538.06,526.7,538.06,33.61,14.41,2
3.97,4, white car,490.65,530.79,524.33,545.25,507.49,538.02,490.65,538.02,524.33,538.02,33.69,14.45,2
4.0,4, white car,487.52,530.87,521.05,545.19,504.29,538.03,487.52,538.03,521.05,538.03,33.52,14.32,2
4.03,4, white car,484.36,530.77,518.09,545.19,501.23,537.98,484.36,537.98,518.09,537.98,33.73,14.42,2
4.07,4, white car,481.56,530.68,515.24,545.09,498.4,537.88,481.56,537.88,515.24,537.88,33.67,14.41,2
4.1,4, white car,478.52,530.51,512.56,545.1,495.54,537.8,478.52,537.8,512.56,537.8,34.04,14.59,2
4.13,4, white car,475.73,530.39,510.1,545.15,492.91,537.77,475.73,537.77,510.1,537.77,34.37,14.75,2
4.17,4, white car,472.77,530.37,507.5,545.28,490.13,537.82,472.77,537.82,507.5,537.82,34.73,14.92,2
4.2,4, white car,469.54,530.21,504.68,545.34,487.11,537.77,469.54,537.77,504.68,537.77,35.14,15.13,2
4.23,4, white car,466.97,529.94,501.77,544.95,484.37,537.45,466.97,537.45,501.77,537.45,34.8,15.01,2
4.27,4, white car,463.97,529.79,498.41,544.69,481.19,537.24,463.97,537.24,498.41,537.24,34.44,14.91,2
4.3,4, white car,461.4,529.7,495.56,544.5,478.48,537.1,461.4,537.1,495.56,537.1,34.16,14.8,2
4.33,4, white car,458.47,529.31,492.44,544.01,475.45,536.66,458.47,536.66,492.44,536.66,33.97,14.7,2
4.37,4, white car,455.32,529.23,489.93,544.24,472.62,536.73,455.32,536.73,489.93,536.73,34.61,15.01,2
4.4,4, white car,452.99,529.05,486.89,543.73,469.94,536.39,452.99,536.39,486.89,536.39,33.9,14.67,2
4.43,4, white car,449.87,528.96,484.15,543.84,467.01,536.4,449.87,536.4,484.15,536.4,34.28,14.88,2
4.47,4, white car,447.29,528.82,481.87,543.86,464.58,536.34,447.29,536.34,481.87,536.34,34.58,15.04,2
4.5,4, white car,444.26,528.61,478.85,543.64,461.55,536.13,444.26,536.13,478.85,536.13,34.59,15.03,2
4.53,4, white car,441.15,528.51,476.02,543.67,458.58,536.09,441.15,536.09,476.02,536.09,34.87,15.16,2
4.57,4, white car,438.2,528.33,472.91,543.42,455.55,535.88,438.2,535.88,472.91,535.88,34.71,15.09,2
4.6,4, white car,435.23,528.29,470.24,543.57,452.73,535.93,435.23,535.93,470.24,535.93,35.01,15.28,2
4.63,4, white car,432.27,528.08,467.35,543.41,449.81,535.75,432.27,535.75,467.35,535.75,35.08,15.33,2
4.67,4, white car,429.23,527.83,464.57,543.33,446.9,535.58,429.23,535.58,464.57,535.58,35.35,15.5,2
4.7,4, white car,426.54,527.75,461.92,543.33,444.23,535.54,426.54,535.54,461.92,535.54,35.39,15.57,2
4.73,4, white car,424.13,527.74,458.76,542.96,441.44,535.35,424.13,535.35,458.76,535.35,34.63,15.22,2
4.77,4, white car,421.33,527.74,455.88,542.96,438.6,535.35,421.33,535.35,455.88,535.35,34.55,15.22,2
4.8,4, white car,418.82,527.69,452.87,542.64,435.84,535.16,418.82,535.16,452.87,535.16,34.05,14.96,2
4.83,4, white car,415.92,527.54,450.12,542.55,433.02,535.05,415.92,535.05,450.12,535.05,34.2,15.01,2
4.87,4, white car,413.45,527.18,447.66,542.12,430.55,534.65,413.45,534.65,447.66,534.65,34.21,14.94,2
4.9,4, white car,410.52,527.14,444.64,542.01,427.58,534.58,410.52,534.58,444.64,534.58,34.12,14.87,2
4.93,4, white car,407.84,527.12,442.0,541.98,424.92,534.55,407.84,534.55,442.0,534.55,34.17,14.86,2
4.97,4, white car,405.03,526.97,439.62,542.0,422.33,534.48,405.03,534.48,439.62,534.48,34.58,15.03,2
5.0,4, white car,401.56,526.68,436.74,541.93,419.15,534.3,401.56,534.3,436.74,534.3,35.17,15.25,2
5.03,4, white car,398.73,526.7,433.67,541.82,416.2,534.26,398.73,534.26,433.67,534.26,34.94,15.12,2
5.07,4, white car,396.33,526.78,430.74,541.64,413.53,534.21,396.33,534.21,430.74,534.21,34.41,14.86,2
5.1,4, white car,393.21,526.81,427.57,541.7,410.39,534.26,393.21,534.26,427.57,534.26,34.36,14.89,2
5.13,4, white car,390.32,526.57,425.05,541.63,407.68,534.1,390.32,534.1,425.05,534.1,34.73,15.06,2
5.17,4, white car,387.27,526.25,422.34,541.48,404.8,533.87,387.27,533.87,422.34,533.87,35.06,15.23,2
5.2,4, white car,384.49,526.12,419.61,541.35,402.05,533.73,384.49,533.73,419.61,533.73,35.13,15.23,2
5.23,4, white car,382.15,526.24,416.69,541.2,399.42,533.72,382.15,533.72,416.69,533.72,34.53,14.96,2
5.27,4, white car,379.44,526.24,414.07,541.25,396.76,533.74,379.44,533.74,414.07,533.74,34.63,15.02,2
5.3,4, white car,376.66,526.1,411.27,541.1,393.97,533.6,376.66,533.6,411.27,533.6,34.61,15.0,2
5.33,4, white car,373.46,525.85,408.06,540.87,390.76,533.36,373.46,533.36,408.06,533.36,34.6,15.02,2
5.37,4, white car,370.8,525.52,405.47,540.59,388.13,533.05,370.8,533.05,405.47,533.05,34.67,15.07,2
5.4,4, white car,368.26,525.61,402.54,540.49,385.4,533.05,368.26,533.05,402.54,533.05,34.28,14.88,2
5.43,4, white car,365.13,525.43,399.98,540.59,382.55,533.01,365.13,533.01,399.98,533.01,34.84,15.16,2
5.47,4, white car,362.89,525.33,397.36,540.31,380.12,532.82,362.89,532.82,397.36,532.82,34.47,14.98,2
5.5,4, white car,359.86,525.11,394.53,540.16,377.2,532.63,359.86,532.63,394.53,532.63,34.67,15.05,2
5.53,4, white car,357.05,525.05,391.33,539.93,374.19,532.49,357.05,532.49,391.33,532.49,34.28,14.89,2
5.57,4, white car,354.35,525.14,388.19,539.82,371.27,532.48,354.35,532.48,388.19,532.48,33.84,14.68,2
5.6,4, white car,351.6,525.13,385.58,539.88,368.59,532.5,351.6,532.5,385.58,532.5,33.98,14.75,2
5.63,4, white car,348.6,525.09,382.93,539.99,365.77,532.54,348.6,532.54,382.93,532.54,34.33,14.9,2
5.67,4, white car,345.66,524.99,380.02,539.9,362.84,532.45,345.66,532.45,380.02,532.45,34.37,14.92,2
5.7,4, white car,343.14,524.99,377.11,539.74,360.13,532.36,343.14,532.36,377.11,532.36,33.97,14.75,2
5.73,4, white car,341.0,524.81,374.44,539.32,357.72,532.07,341.0,532.07,374.44,532.07,33.43,14.51,2
5.77,4, white car,337.85,524.62,372.25,539.56,355.05,532.09,337.85,532.09,372.25,532.09,34.39,14.94,2
5.8,4, white car,334.72,524.46,369.22,539.47,351.97,531.96,334.72,531.96,369.22,531.96,34.49,15.0,2
5.83,4, white car,331.78,524.13,366.12,539.07,348.95,531.6,331.78,531.6,366.12,531.6,34.34,14.94,2
5.87,4, white car,329.07,524.18,363.34,539.1,346.2,531.64,329.07,531.64,363.34,531.64,34.26,14.92,2
5.9,4, white car,326.92,524.05,360.55,538.68,343.73,531.37,326.92,531.37,360.55,531.37,33.63,14.64,2
5.93,4, white car,324.13,523.89,357.72,538.5,340.93,531.19,324.13,531.19,357.72,531.19,33.58,14.61,2
5.97,4, white car,321.54,523.79,355.2,538.43,338.37,531.11,321.54,531.11,355.2,531.11,33.66,14.64,2
6.0,4, white car,319.19,523.88,352.26,538.23,335.73,531.06,319.19,531.06,352.26,531.06,33.07,14.35,2
6.03,4, white car,316.37,524.06,348.9,538.15,332.64,531.11,316.37,531.11,348.9,531.11,32.53,14.09,2
6.07,4, white car,313.9,523.96,346.26,538.0,330.08,530.98,313.9,530.98,346.26,530.98,32.36,14.03,2
6.1,4, white car,311.17,523.71,343.54,537.68,327.36,530.7,311.17,530.7,343.54,530.7,32.37,13.97,2
6.13,4, white car,308.11,523.52,340.72,537.6,324.42,530.56,308.11,530.56,340.72,530.56,32.61,14.08,2
6.17,4, white car,305.57,523.5,338.0,537.48,321.79,530.49,305.57,530.49,338.0,530.49,32.42,13.97,2
6.2,4, white car,302.41,523.45,335.16,537.59,318.79,530.52,302.41,530.52,335.16,530.52,32.75,14.14,2
6.23,4, white car,300.06,523.52,332.78,537.67,316.42,530.6,300.06,530.6,332.78,530.6,32.72,14.14,2
6.27,4, white car,297.33,523.23,330.24,537.46,313.79,530.35,297.33,530.35,330.24,530.35,32.91,14.23,2
6.3,4, white car,294.53,523.11,327.87,537.56,311.2,530.34,294.53,530.34,327.87,530.34,33.34,14.44,2
6.33,4, white car,292.18,522.81,325.07,537.07,308.62,529.94,292.18,529.94,325.07,529.94,32.89,14.26,2
6.37,4, white car,289.35,522.67,322.08,536.88,305.71,529.77,289.35,529.77,322.08,529.77,32.72,14.21,2
6.4,4, white car,286.48,522.5,319.22,536.74,302.85,529.62,286.48,529.62,319.22,529.62,32.74,14.24,2
6.43,4, white car,284.28,522.4,316.36,536.33,300.32,529.37,284.28,529.37,316.36,529.37,32.07,13.93,2
6.47,4, white car,281.84,522.5,313.62,536.27,297.73,529.39,281.84,529.39,313.62,529.39,31.78,13.77,2
6.5,4, white car,279.95,522.33,310.9,535.71,295.42,529.02,279.95,529.02,310.9,529.02,30.96,13.37,2
6.53,4, white car,277.72,522.37,307.66,535.2,292.69,528.79,277.72,528.79,307.66,528.79,29.94,12.83,2
6.57,4, white car,275.02,522.41,305.54,535.47,290.28,528.94,275.02,528.94,305.54,528.94,30.52,13.05,2
6.6,4, white car,272.53,522.09,302.97,535.08,287.75,528.58,272.53,528.58,302.97,528.58,30.44,12.99,2
6.63,4, white car,268.54,521.83,300.26,535.34,284.4,528.59,268.54,528.59,300.26,528.59,31.71,13.51,2
6.67,4, white car,265.56,521.63,297.7,535.31,281.63,528.47,265.56,528.47,297.7,528.47,32.14,13.69,2
6.7,4, white car,263.29,521.26,295.15,534.77,279.22,528.02,263.29,528.02,295.15,528.02,31.86,13.52,2
6.73,4, white car,260.55,520.96,293.01,534.73,276.78,527.84,260.55,527.84,293.01,527.84,32.46,13.77,2
6.77,4, white car,258.03,520.8,290.89,534.75,274.46,527.77,258.03,527.77,290.89,527.77,32.86,13.96,2
6.8,4, white car,255.44,520.79,287.99,534.61,271.72,527.7,255.44,527.7,287.99,527.7,32.55,13.81,2
6.83,4, white car,253.1,520.77,285.89,534.64,269.5,527.7,253.1,527.7,285.89,527.7,32.78,13.86,2
6.87,4, white car,250.5,520.75,282.5,534.25,266.5,527.5,250.5,527.5,282.5,527.5,32.0,13.51,2
6.9,4, white car,247.31,520.39,279.8,534.11,263.55,527.25,247.31,527.25,279.8,527.25,32.49,13.72,2
6.93,4, white car,244.37,520.12,278.19,534.44,261.28,527.28,244.37,527.28,278.19,527.28,33.81,14.33,2
6.97,4, white car,241.61,520.12,275.39,534.48,258.5,527.3,241.61,527.3,275.39,527.3,33.78,14.37,2
7.0,4, white car,239.19,519.95,273.11,534.41,256.15,527.18,239.19,527.18,273.11,527.18,33.93,14.46,2
7.03,4, white car,237.34,519.83,270.97,534.15,254.16,526.99,237.34,526.99,270.97,526.99,33.63,14.32,2
7.07,4, white car,234.97,519.72,267.82,533.71,251.39,526.72,234.97,526.72,267.82,526.72,32.85,13.99,2
7.1,4, white car,232.19,519.59,265.14,533.65,248.66,526.62,232.19,526.62,265.14,526.62,32.94,14.06,2
7.13,4, white car,229.86,519.57,262.98,533.74,246.42,526.66,229.86,526.66,262.98,526.66,33.12,14.16,2
7.17,4, white car,227.32,519.52,260.11,533.53,243.72,526.52,227.32,526.52,260.11,526.52,32.79,14.0,2
7.2,4, white car,224.61,519.63,256.77,533.36,240.69,526.49,224.61,526.49,256.77,526.49,32.16,13.74,2
7.23,4, white car,221.82,519.39,254.11,533.19,237.96,526.29,221.82,526.29,254.11,526.29,32.28,13.8,2
7.27,4, white car,219.02,519.31,251.59,533.22,235.3,526.27,219.02,526.27,251.59,526.27,32.57,13.91,2
7.3,4, white car,216.47,519.12,249.46,533.24,232.96,526.18,216.47,526.18,249.46,526.18,32.99,14.12,2
7.33,4, white car,214.14,519.15,247.38,533.45,230.76,526.3,214.14,526.3,247.38,526.3,33.23,14.3,2
7.37,4, white car,211.82,519.15,244.79,533.37,228.3,526.26,211.82,526.26,244.79,526.26,32.97,14.22,2
7.4,4, white car,209.48,518.85,242.43,533.07,225.96,525.96,209.48,525.96,242.43,525.96,32.95,14.22,2
7.43,4, white car,207.24,518.72,239.95,532.8,223.6,525.76,207.24,525.76,239.95,525.76,32.71,14.08,2
7.47,4, white car,204.4,518.55,237.48,532.79,220.94,525.67,204.4,525.67,237.48,525.67,33.07,14.24,2
7.5,4, white car,201.96,518.53,235.01,532.74,218.49,525.64,201.96,525.64,235.01,525.64,33.05,14.22,2
7.53,4, white car,199.78,518.56,232.49,532.62,216.13,525.59,199.78,525.59,232.49,525.59,32.71,14.06,2
7.57,4, white car,197.4,518.51,229.78,532.4,213.59,525.46,197.4,525.46,229.78,525.46,32.38,13.89,2
7.6,4, white car,195.18,518.31,227.3,532.05,211.24,525.18,195.18,525.18,227.3,525.18,32.12,13.74,2
7.63,4, white car,192.77,518.34,225.09,532.11,208.93,525.22,192.77,525.22,225.09,525.22,32.31,13.77,2
7.67,4, white car,189.8,518.28,222.39,532.15,206.09,525.21,189.8,525.21,222.39,525.21,32.59,13.87,2
7.7,4, white car,187.23,518.22,220.12,532.23,203.68,525.23,187.23,525.23,220.12,525.23,32.89,14.01,2
7.73,4, white car,184.39,518.16,217.67,532.37,201.03,525.27,184.39,525.27,217.67,525.27,33.28,14.21,2
7.77,4, white car,181.85,518.15,214.89,532.29,198.37,525.22,181.85,525.22,214.89,525.22,33.04,14.14,2
7.8,4, white car,179.59,517.84,212.7,532.0,196.14,524.92,179.59,524.92,212.7,524.92,33.11,14.17,2
7.83,4, white car,176.92,517.66,210.58,532.07,193.75,524.86,176.92,524.86,210.58,524.86,33.66,14.41,2
7.87,4, white car,174.83,517.77,207.84,531.94,191.34,524.86,174.83,524.86,207.84,524.86,33.01,14.17,2
7.9,4, white car,172.05,517.51,205.74,532.02,188.9,524.76,172.05,524.76,205.74,524.76,33.68,14.51,2
7.93,4, white car,169.51,517.36,203.36,531.99,186.44,524.67,169.51,524.67,203.36,524.67,33.85,14.63,2
7.97,4, white car,166.96,517.16,201.04,531.94,184.0,524.55,166.96,524.55,201.04,524.55,34.08,14.78,2
8.0,4, white car,164.66,517.04,198.32,531.64,181.49,524.34,164.66,524.34,198.32,524.34,33.66,14.6,2
8.03,4, white car,162.53,516.86,196.24,531.46,179.38,524.16,162.53,524.16,196.24,524.16,33.71,14.61,2
8.07,4, white car,160.2,516.74,193.98,531.38,177.09,524.06,160.2,524.06,193.98,524.06,33.78,14.64,2
8.1,4, white car,157.8,516.77,191.47,531.38,174.63,524.08,157.8,524.08,191.47,524.08,33.68,14.61,2
8.13,4, white car,154.98,516.56,188.45,531.12,171.72,523.84,154.98,523.84,188.45,523.84,33.47,14.56,2
8.17,4, white car,152.58,516.47,185.94,531.03,169.26,523.75,152.58,523.75,185.94,523.75,33.36,14.56,2
8.2,4, white car,150.58,516.48,183.55,530.87,167.06,523.67,150.58,523.67,183.55,523.67,32.97,14.39,2
8.23,4, white car,147.78,516.27,181.47,530.96,164.62,523.62,147.78,523.62,181.47,523.62,33.69,14.69,2
8.27,4, white car,144.87,516.16,178.89,531.03,161.88,523.59,144.87,523.59,178.89,523.59,34.02,14.87,2
8.3,4, white car,142.7,516.13,176.24,530.76,159.47,523.45,142.7,523.45,176.24,523.45,33.54,14.64,2
8.33,4, white car,140.38,516.13,173.93,530.77,157.16,523.45,140.38,523.45,173.93,523.45,33.54,14.64,2
8.37,4, white car,137.89,516.08,171.44,530.8,154.66,523.44,137.89,523.44,171.44,523.44,33.55,14.71,2
8.4,4, white car,135.26,515.9,169.19,530.78,152.23,523.34,135.26,523.34,169.19,523.34,33.93,14.88,2
8.43,4, white car,132.45,515.77,166.72,530.84,149.58,523.31,132.45,523.31,166.72,523.31,34.27,15.07,2
8.47,4, white car,130.36,515.63,164.38,530.62,147.37,523.13,130.36,523.13,164.38,523.13,34.01,14.99,2
8.5,4, white car,128.51,515.46,161.98,530.22,145.24,522.84,128.51,522.84,161.98,522.84,33.47,14.76,2
8.53,4, white car,125.91,515.22,159.79,530.24,142.85,522.73,125.91,522.73,159.79,522.73,33.88,15.02,2
8.57,4, white car,124.15,515.24,157.23,529.94,140.69,522.59,124.15,522.59,157.23,522.59,33.08,14.7,2
8.6,4, white car,121.81,515.07,154.72,529.68,138.27,522.38,121.81,522.38,154.72,522.38,32.91,14.61,2
8.63,4, white car,119.1,514.82,151.84,529.35,135.47,522.09,119.1,522.09,151.84,522.09,32.73,14.53,2
8.67,4, white car,116.73,514.55,149.18,528.96,132.95,521.75,116.73,521.75,149.18,521.75,32.45,14.4,2
8.7,4, white car,114.23,514.41,146.25,528.58,130.24,521.5,114.23,521.5,146.25,521.5,32.02,14.18,2
8.73,4, white car,111.85,514.46,143.89,528.65,127.87,521.56,111.85,521.56,143.89,521.56,32.05,14.18,2
8.77,4, white car,110.44,514.72,141.67,528.54,126.05,521.63,110.44,521.63,141.67,521.63,31.23,13.83,2
8.8,4, white car,107.38,514.62,139.1,528.58,123.24,521.6,107.38,521.6,139.1,521.6,31.73,13.97,2
8.83,4, white car,104.17,514.36,136.47,528.53,120.32,521.45,104.17,521.45,136.47,521.45,32.3,14.17,2
8.87,4, white car,101.85,514.48,133.7,528.35,117.77,521.41,101.85,521.41,133.7,521.41,31.85,13.87,2
8.9,4, white car,99.44,514.23,131.91,528.31,115.67,521.27,99.44,521.27,131.91,521.27,32.48,14.07,2
8.93,4, white car,97.46,514.33,129.71,528.27,113.58,521.3,97.46,521.3,129.71,521.3,32.25,13.93,2
8.97,4, white car,95.2,514.41,126.95,528.07,111.08,521.24,95.2,521.24,126.95,521.24,31.75,13.66,2
9.0,4, white car,92.44,514.04,125.1,528.04,108.77,521.04,92.44,521.04,125.1,521.04,32.66,13.99,2
9.03,4, white car,90.09,514.09,122.75,528.0,106.42,521.05,90.09,521.05,122.75,521.05,32.67,13.91,2
9.07,4, white car,87.76,513.84,119.92,527.5,103.84,520.67,87.76,520.67,119.92,520.67,32.15,13.66,2
9.1,4, white car,84.74,513.59,117.33,527.4,101.04,520.5,84.74,520.5,117.33,520.5,32.59,13.81,2
9.13,4, white car,82.28,513.38,115.32,527.38,98.8,520.38,82.28,520.38,115.32,520.38,33.04,14.0,2
9.17,4, white car,79.88,513.39,112.78,527.3,96.33,520.34,79.88,520.34,112.78,520.34,32.9,13.92,2
9.2,4, white car,77.1,513.05,111.2,527.49,94.15,520.27,77.1,520.27,111.2,520.27,34.09,14.44,2
9.23,4, white car,74.41,512.93,108.67,527.46,91.54,520.2,74.41,520.2,108.67,520.2,34.26,14.53,2
9.27,4, white car,72.34,512.99,105.55,527.05,88.95,520.02,72.34,520.02,105.55,520.02,33.21,14.06,2
9.3,4, white car,69.86,512.79,103.38,526.98,86.62,519.88,69.86,519.88,103.38,519.88,33.52,14.19,2
9.33,4, white car,67.48,512.67,101.23,526.98,84.35,519.82,67.48,519.82,101.23,519.82,33.75,14.31,2
9.37,4, white car,65.0,512.59,98.56,526.82,81.78,519.71,65.0,519.71,98.56,519.71,33.56,14.23,2
9.4,4, white car,62.65,512.48,96.62,526.88,79.64,519.68,62.65,519.68,96.62,519.68,33.97,14.4,2
9.43,4, white car,60.34,512.43,94.68,527.0,77.51,519.72,60.34,519.72,94.68,519.72,34.35,14.58,2
9.47,4, white car,58.13,512.54,91.98,526.88,75.05,519.71,58.13,519.71,91.98,519.71,33.85,14.33,2
9.5,4, white car,56.21,512.61,89.86,526.81,73.03,519.71,56.21,519.71,89.86,519.71,33.65,14.2,2
9.53,4, white car,53.42,512.58,87.56,526.97,70.49,519.77,53.42,519.77,87.56,519.77,34.13,14.39,2
9.57,4, white car,50.96,512.58,85.03,526.91,67.99,519.75,50.96,519.75,85.03,519.75,34.07,14.33,2
9.6,4, white car,48.72,512.41,82.8,526.71,65.76,519.56,48.72,519.56,82.8,519.56,34.08,14.3,2
9.63,4, white car,46.24,512.31,80.35,526.64,63.29,519.48,46.24,519.48,80.35,519.48,34.11,14.33,2
9.67,4, white car,44.12,512.39,77.62,526.41,60.87,519.4,44.12,519.4,77.62,519.4,33.5,14.02,2
9.7,4, white car,41.72,512.41,75.46,526.53,58.59,519.47,41.72,519.47,75.46,519.47,33.75,14.12,2
9.73,4, white car,39.23,512.34,73.19,526.56,56.21,519.45,39.23,519.45,73.19,519.45,33.96,14.22,2
9.77,4, white car,36.88,512.22,70.88,526.44,53.88,519.33,36.88,519.33,70.88,519.33,34.01,14.22,2
9.8,4, white car,34.64,512.13,68.66,526.35,51.65,519.24,34.64,519.24,68.66,519.24,34.02,14.22,2
9.83,4, white car,32.6,512.05,66.19,526.04,49.4,519.05,32.6,519.05,66.19,519.05,33.59,13.99,2
9.87,4, white car,30.42,511.97,63.49,525.71,46.95,518.84,30.42,518.84,63.49,518.84,33.07,13.74,2
9.9,4, white car,28.13,512.08,61.06,525.72,44.59,518.9,28.13,518.9,61.06,518.9,32.93,13.64,2
9.93,4, white car,25.76,511.9,58.5,525.42,42.13,518.66,25.76,518.66,58.5,518.66,32.74,13.52,2
9.97,4, white car,23.21,511.63,56.13,525.19,39.67,518.41,23.21,518.41,56.13,518.41,32.92,13.56,2
0.5,27, white car,553.15,531.77,581.43,543.87,567.29,537.82,553.15,537.82,581.43,537.82,28.27,12.11,2
0.53,27, white car,550.5,531.69,578.77,543.81,564.64,537.75,550.5,537.75,578.77,537.75,28.27,12.11,2
0.57,27, white car,547.32,531.75,575.51,543.85,561.41,537.8,547.32,537.8,575.51,537.8,28.19,12.09,2
0.6,27, white car,544.04,531.76,572.49,543.98,558.26,537.87,544.04,537.87,572.49,537.87,28.45,12.22,2
0.63,27, white car,541.41,531.86,569.01,543.71,555.21,537.78,541.41,537.78,569.01,537.78,27.6,11.85,2
0.67,27, white car,538.38,531.67,566.2,543.62,552.29,537.64,538.38,537.64,566.2,537.64,27.82,11.95,2
0.7,27, white car,535.46,531.57,563.28,543.54,549.37,537.56,535.46,537.56,563.28,537.56,27.82,11.97,2
0.73,27, white car,532.28,531.58,560.21,543.62,546.25,537.6,532.28,537.6,560.21,537.6,27.93,12.04,2
0.77,27, white car,529.42,531.7,557.53,543.82,543.48,537.76,529.42,537.76,557.53,537.76,28.11,12.12,2
0.8,27, white car,526.43,531.58,554.46,543.63,540.45,537.61,526.43,537.61,554.46,537.61,28.02,12.04,2
0.83,27, white car,523.47,531.41,551.37,543.39,537.42,537.4,523.47,537.4,551.37,537.4,27.9,11.98,2
0.87,27, white car,520.74,531.57,548.14,543.34,534.44,537.46,520.74,537.46,548.14,537.46,27.4,11.76,2
0.9,27, white car,517.69,531.65,545.06,543.4,531.38,537.52,517.69,537.52,545.06,537.52,27.36,11.74,2
0.93,27, white car,514.96,531.74,542.03,543.33,528.49,537.53,514.96,537.53,542.03,537.53,27.07,11.59,2
0.97,27, white car,511.68,531.18,539.75,543.2,525.71,537.19,511.68,537.19,539.75,537.19,28.07,12.01,2
1.0,27, white car,508.86,530.79,537.36,543.01,523.11,536.9,508.86,536.9,537.36,536.9,28.5,12.22,2
1.03,27, white car,505.6,530.6,534.35,542.97,519.97,536.78,505.6,536.78,534.35,536.78,28.75,12.37,2
1.07,27, white car,502.17,530.39,531.25,542.95,516.71,536.67,502.17,536.67,531.25,536.67,29.08,12.56,2
1.1,27, white car,499.39,530.19,528.66,542.87,514.03,536.53,499.39,536.53,528.66,536.53,29.27,12.69,2
1.13,27, white car,496.49,530.35,525.33,542.84,510.91,536.6,496.49,536.6,525.33,536.6,28.83,12.49,2
1.17,27, white car,494.01,530.2,523.11,542.79,508.56,536.5,494.01,536.5,523.11,536.5,29.1,12.59,2
1.2,27, white car,491.5,530.19,520.3,542.65,505.9,536.42,491.5,536.42,520.3,536.42,28.8,12.46,2
1.23,27, white car,488.21,530.23,516.45,542.45,502.33,536.34,488.21,536.34,516.45,536.34,28.24,12.22,2
1.27,27, white car,485.2,530.19,513.73,542.54,499.47,536.36,485.2,536.36,513.73,536.36,28.53,12.35,2
1.3,27, white car,482.28,530.16,510.51,542.38,496.39,536.27,482.28,536.27,510.51,536.27,28.23,12.21,2
1.33,27, white car,479.57,530.01,507.8,542.21,493.68,536.11,479.57,536.11,507.8,536.11,28.23,12.2,2
1.37,27, white car,476.83,529.78,505.44,542.15,491.14,535.97,476.83,535.97,505.44,535.97,28.61,12.37,2
1.4,27, white car,473.98,529.71,502.09,541.86,488.03,535.79,473.98,535.79,502.09,535.79,28.11,12.15,2
1.43,27, white car,470.62,529.45,499.05,541.77,484.83,535.61,470.62,535.61,499.05,535.61,28.43,12.32,2
1.47,27, white car,467.96,529.23,496.17,541.46,482.06,535.35,467.96,535.35,496.17,535.35,28.22,12.23,2
1.5,27, white car,464.94,529.11,493.14,541.36,479.04,535.24,464.94,535.24,493.14,535.24,28.21,12.25,2
1.53,27, white car,462.16,528.82,490.79,541.25,476.47,535.03,462.16,535.03,490.79,535.03,28.63,12.43,2
1.57,27, white car,459.39,528.78,487.61,541.02,473.5,534.9,459.39,534.9,487.61,534.9,28.21,12.24,2
1.6,27, white car,456.27,528.73,484.1,540.82,470.18,534.78,456.27,534.78,484.1,534.78,27.84,12.09,2
1.63,27, white car,453.75,528.83,481.47,540.84,467.61,534.84,453.75,534.84,481.47,534.84,27.71,12.01,2
1.67,27, white car,451.0,528.86,478.78,540.89,464.89,534.88,451.0,534.88,478.78,534.88,27.78,12.03,2
1.7,27, white car,448.23,528.65,476.45,540.85,462.34,534.75,448.23,534.75,476.45,534.75,28.22,12.2,2
1.73,27, white car,445.04,528.4,473.43,540.7,459.24,534.55,445.04,534.55,473.43,534.55,28.39,12.3,2
1.77,27, white car,442.02,528.26,470.41,540.57,456.22,534.42,442.02,534.42,470.41,534.42,28.39,12.31,2
1.8,27, white car,439.65,528.52,467.4,540.5,453.52,534.51,439.65,534.51,467.4,534.51,27.74,11.99,2
1.83,27, white car,436.57,528.41,464.68,540.57,450.62,534.49,436.57,534.49,464.68,534.49,28.1,12.16,2
1.87,27, white car,433.69,528.23,462.38,540.64,448.03,534.43,433.69,534.43,462.38,534.43,28.7,12.41,2
1.9,27, white car,430.33,528.1,459.41,540.71,444.87,534.4,430.33,534.4,459.41,534.4,29.08,12.61,2
1.93,27, white car,427.64,528.14,456.31,540.61,441.98,534.38,427.64,534.38,456.31,534.38,28.67,12.47,2
1.97,27, white car,425.34,528.21,453.33,540.34,439.33,534.28,425.34,534.28,453.33,534.28,27.99,12.14,2
2.0,27, white car,422.29,527.94,450.74,540.29,436.52,534.11,422.29,534.11,450.74,534.11,28.46,12.35,2
2.03,27, white car,419.26,527.54,448.28,540.16,433.77,533.85,419.26,533.85,448.28,533.85,29.02,12.62,2
2.07,27, white car,416.29,527.27,445.44,539.97,430.86,533.62,416.29,533.62,445.44,533.62,29.15,12.7,2
2.1,27, white car,413.29,527.18,442.47,539.91,427.88,533.54,413.29,533.54,442.47,533.54,29.17,12.73,2
2.13,27, white car,410.83,527.1,439.99,539.79,425.41,533.45,410.83,533.45,439.99,533.45,29.15,12.69,2
2.17,27, white car,408.26,527.01,436.95,539.48,422.6,533.25,408.26,533.25,436.95,533.25,28.69,12.47,2
2.2,27, white car,405.69,527.03,433.97,539.32,419.83,533.17,405.69,533.17,433.97,533.17,28.28,12.29,2
2.23,27, white car,402.61,526.73,431.08,539.1,416.84,532.92,402.61,532.92,431.08,532.92,28.47,12.36,2
2.27,27, white car,399.57,526.62,428.31,539.09,413.94,532.86,399.57,532.86,428.31,532.86,28.74,12.47,2
2.3,27, white car,397.02,526.77,425.39,539.05,411.2,532.91,397.02,532.91,425.39,532.91,28.37,12.28,2
2.33,27, white car,394.14,526.76,422.76,539.14,408.45,532.95,394.14,532.95,422.76,532.95,28.62,12.38,2
2.37,27, white car,391.25,526.73,419.65,539.01,405.45,532.87,391.25,532.87,419.65,532.87,28.4,12.29,2
2.4,27, white car,388.52,526.62,417.15,539.01,402.83,532.82,388.52,532.82,417.15,532.82,28.63,12.39,2
2.43,27, white car,385.45,526.44,414.42,538.99,399.93,532.71,385.45,532.71,414.42,532.71,28.97,12.56,2
2.47,27, white car,382.88,526.48,411.7,538.95,397.29,532.71,382.88,532.71,411.7,532.71,28.83,12.46,2
2.5,27, white car,379.9,526.19,409.0,538.77,394.45,532.48,379.9,532.48,409.0,532.48,29.09,12.58,2
2.53,27, white car,376.98,526.11,406.02,538.7,391.5,532.41,376.98,532.41,406.02,532.41,29.04,12.59,2
2.57,27, white car,373.96,525.97,403.55,538.81,388.75,532.39,373.96,532.39,403.55,532.39,29.59,12.84,2
2.6,27, white car,371.27,525.9,400.67,538.67,385.97,532.28,371.27,532.28,400.67,532.28,29.4,12.77,2
2.63,27, white car,368.96,525.88,397.8,538.37,383.38,532.13,368.96,532.13,397.8,532.13,28.84,12.49,2
2.67,27, white car,366.24,525.62,395.17,538.12,380.7,531.87,366.24,531.87,395.17,531.87,28.93,12.5,2
2.7,27, white car,363.64,525.61,392.04,537.89,377.84,531.75,363.64,531.75,392.04,531.75,28.4,12.28,2
2.73,27, white car,360.68,525.46,389.14,537.75,374.91,531.6,360.68,531.6,389.14,531.6,28.46,12.29,2
2.77,27, white car,357.88,525.34,386.47,537.71,372.18,531.52,357.88,531.52,386.47,531.52,28.59,12.36,2
2.8,27, white car,355.18,525.2,383.96,537.64,369.57,531.42,355.18,531.42,383.96,531.42,28.78,12.44,2
2.83,27, white car,352.3,524.95,381.49,537.56,366.89,531.26,352.3,531.26,381.49,531.26,29.18,12.62,2
2.87,27, white car,349.61,524.88,378.73,537.47,364.17,531.18,349.61,531.18,378.73,531.18,29.12,12.59,2
2.9,27, white car,346.82,524.85,375.68,537.31,361.25,531.08,346.82,531.08,375.68,531.08,28.86,12.47,2
2.93,27, white car,343.91,524.68,372.6,537.09,358.25,530.88,343.91,530.88,372.6,530.88,28.69,12.41,2
2.97,27, white car,341.12,524.46,369.82,536.88,355.47,530.67,341.12,530.67,369.82,530.67,28.7,12.43,2
3.0,27, white car,338.41,524.27,367.05,536.67,352.73,530.47,338.41,530.47,367.05,530.47,28.64,12.4,2
3.03,27, white car,335.56,523.92,364.48,536.46,350.02,530.19,335.56,530.19,364.48,530.19,28.92,12.54,2
3.07,27, white car,332.48,523.89,361.77,536.61,347.13,530.25,332.48,530.25,361.77,530.25,29.3,12.71,2
3.1,27, white car,329.73,523.83,359.32,536.7,344.52,530.26,329.73,530.26,359.32,530.26,29.59,12.87,2
3.13,27, white car,326.97,523.68,356.43,536.52,341.7,530.1,326.97,530.1,356.43,530.1,29.46,12.85,2
3.17,27, white car,324.67,523.54,354.25,536.43,339.46,529.99,324.67,529.99,354.25,529.99,29.58,12.89,2
3.2,27, white car,322.31,523.48,351.33,536.12,336.82,529.8,322.31,529.8,351.33,529.8,29.03,12.64,2
3.23,27, white car,319.74,523.75,348.06,536.05,333.9,529.9,319.74,529.9,348.06,529.9,28.32,12.29,2
3.27,27, white car,317.16,523.88,344.94,535.94,331.05,529.91,317.16,529.91,344.94,529.91,27.79,12.06,2
3.3,27, white car,314.74,523.78,342.46,535.81,328.6,529.79,314.74,529.79,342.46,529.79,27.72,12.02,2
3.33,27, white car,312.01,523.56,339.85,535.63,325.93,529.59,312.01,529.59,339.85,529.59,27.83,12.06,2
3.37,27, white car,309.08,523.25,337.35,535.52,323.21,529.39,309.08,529.39,337.35,529.39,28.27,12.27,2
3.4,27, white car,306.46,523.2,334.71,535.46,320.59,529.33,306.46,529.33,334.71,529.33,28.25,12.26,2
3.43,27, white car,303.64,523.19,331.85,535.43,317.74,529.31,303.64,529.31,331.85,529.31,28.21,12.24,2
3.47,27, white car,300.63,523.05,329.11,535.42,314.87,529.24,300.63,529.24,329.11,529.24,28.48,12.37,2
3.5,27, white car,297.94,522.73,326.97,535.38,312.46,529.05,297.94,529.05,326.97,529.05,29.03,12.65,2
3.53,27, white car,295.43,522.47,324.38,535.09,309.9,528.78,295.43,528.78,324.38,528.78,28.95,12.62,2
3.57,27, white car,292.92,522.28,321.54,534.77,307.23,528.53,292.92,528.53,321.54,528.53,28.63,12.49,2
3.6,27, white car,290.37,522.02,318.81,534.43,304.59,528.22,290.37,528.22,318.81,528.22,28.44,12.41,2
3.63,27, white car,288.17,521.92,315.92,534.03,302.05,527.97,288.17,527.97,315.92,527.97,27.75,12.11,2
3.67,27, white car,285.7,522.07,312.87,533.89,299.29,527.98,285.7,527.98,312.87,527.98,27.18,11.82,2
3.7,27, white car,283.01,521.97,309.9,533.6,296.46,527.78,283.01,527.78,309.9,527.78,26.88,11.63,2
3.73,27, white car,280.8,521.98,307.74,533.53,294.27,527.75,280.8,527.75,307.74,527.75,26.93,11.55,2
3.77,27, white car,278.21,521.95,304.8,533.28,291.5,527.61,278.21,527.61,304.8,527.61,26.58,11.33,2
3.8,27, white car,275.63,521.88,302.24,533.16,288.94,527.52,275.63,527.52,302.24,527.52,26.62,11.28,2
3.83,27, white car,273.01,522.05,299.85,533.35,286.43,527.7,273.01,527.7,299.85,527.7,26.84,11.3,2
3.87,27, white car,269.91,522.15,297.0,533.5,283.46,527.82,269.91,527.82,297.0,527.82,27.1,11.35,2
3.9,27, white car,267.42,521.91,294.71,533.31,281.07,527.61,267.42,527.61,294.71,527.61,27.29,11.4,2
3.93,27, white car,264.95,521.64,292.7,533.23,278.83,527.43,264.95,527.43,292.7,527.43,27.75,11.59,2
3.97,27, white car,261.84,521.44,290.02,533.2,275.93,527.32,261.84,527.32,290.02,527.32,28.19,11.75,2
4.0,27, white car,259.28,521.35,288.17,533.36,273.73,527.35,259.28,527.35,288.17,527.35,28.89,12.01,2
4.03,27, white car,257.02,521.37,285.43,533.14,271.23,527.26,257.02,527.26,285.43,527.26,28.41,11.77,2
4.07,27, white car,253.93,521.29,281.75,532.81,267.84,527.05,253.93,527.05,281.75,527.05,27.82,11.53,2
4.1,27, white car,251.41,521.08,279.32,532.66,265.36,526.87,251.41,526.87,279.32,526.87,27.92,11.58,2
4.13,27, white car,248.83,520.64,277.08,532.37,262.95,526.51,248.83,526.51,277.08,526.51,28.25,11.73,2
4.17,27, white car,245.92,520.43,274.53,532.34,260.22,526.38,245.92,526.38,274.53,526.38,28.62,11.92,2
4.2,27, white car,243.51,520.16,272.59,532.3,258.05,526.23,243.51,526.23,272.59,526.23,29.08,12.14,2
4.23,27, white car,241.06,520.01,270.05,532.13,255.56,526.07,241.06,526.07,270.05,526.07,28.99,12.12,2
4.27,27, white car,238.88,519.91,267.67,531.94,253.28,525.92,238.88,525.92,267.67,525.92,28.79,12.02,2
4.3,27, white car,236.96,519.92,265.56,531.87,251.26,525.89,236.96,525.89,265.56,525.89,28.6,11.95,2
4.33,27, white car,234.41,519.85,263.35,531.91,248.88,525.88,234.41,525.88,263.35,525.88,28.94,12.06,2
4.37,27, white car,232.1,519.81,261.42,532.0,246.76,525.91,232.1,525.91,261.42,525.91,29.33,12.19,2
4.4,27, white car,229.36,519.86,258.56,531.96,243.96,525.91,229.36,525.91,258.56,525.91,29.2,12.1,2
4.43,27, white car,226.8,519.94,255.08,531.64,240.94,525.79,226.8,525.79,255.08,525.79,28.28,11.7,2
4.47,27, white car,224.39,519.91,252.71,531.6,238.55,525.75,224.39,525.75,252.71,525.75,28.31,11.69,2
4.5,27, white car,222.01,519.81,250.31,531.51,236.16,525.66,222.01,525.66,250.31,525.66,28.3,11.7,2
4.53,27, white car,219.05,519.71,248.06,531.71,233.56,525.71,219.05,525.71,248.06,525.71,29.01,12.0,2
4.57,27, white car,216.21,519.62,245.83,531.89,231.02,525.76,216.21,525.76,245.83,525.76,29.62,12.27,2
4.6,27, white car,214.12,519.62,243.5,531.8,228.81,525.71,214.12,525.71,243.5,525.71,29.37,12.18,2
4.63,27, white car,211.87,519.61,241.49,531.91,226.68,525.76,211.87,525.76,241.49,525.76,29.62,12.3,2
4.67,27, white car,209.81,519.41,239.35,531.69,224.58,525.55,209.81,525.55,239.35,525.55,29.54,12.28,2
4.7,27, white car,207.59,519.32,236.84,531.48,222.21,525.4,207.59,525.4,236.84,525.4,29.25,12.17,2
4.73,27, white car,204.64,519.2,234.36,531.55,219.5,525.37,204.64,525.37,234.36,525.37,29.72,12.36,2
4.77,27, white car,202.34,519.14,231.77,531.37,217.05,525.25,202.34,525.25,231.77,525.25,29.43,12.23,2
4.8,27, white car,200.21,519.1,228.86,531.01,214.53,525.05,200.21,525.05,228.86,525.05,28.65,11.9,2
4.83,27, white car,198.04,519.18,226.58,531.01,212.31,525.09,198.04,525.09,226.58,525.09,28.55,11.83,2
4.87,27, white car,196.06,519.1,224.58,530.87,210.32,524.99,196.06,524.99,224.58,524.99,28.52,11.77,2
4.9,27, white car,193.77,519.12,221.88,530.7,207.83,524.91,193.77,524.91,221.88,524.91,28.11,11.58,2
4.93,27, white car,191.37,519.02,219.69,530.64,205.53,524.83,191.37,524.83,219.69,524.83,28.32,11.62,2
4.97,27, white car,189.07,518.88,217.52,530.53,203.29,524.71,189.07,524.71,217.52,524.71,28.46,11.65,2
5.0,27, white car,186.57,518.65,215.19,530.34,200.88,524.49,186.57,524.49,215.19,524.49,28.62,11.69,2
5.03,27, white car,183.96,518.44,213.16,530.38,198.56,524.41,183.96,524.41,213.16,524.41,29.21,11.94,2
5.07,27, white car,181.49,518.32,211.48,530.62,196.48,524.47,181.49,524.47,211.48,524.47,29.99,12.3,2
5.1,27, white car,179.03,518.26,209.28,530.71,194.15,524.49,179.03,524.49,209.28,524.49,30.25,12.45,2
5.13,27, white car,176.82,518.04,206.82,530.4,191.82,524.22,176.82,524.22,206.82,524.22,30.0,12.36,2
5.17,27, white car,174.81,517.96,204.11,530.03,189.46,524.0,174.81,524.0,204.11,524.0,29.29,12.07,2
5.2,27, white car,172.47,517.86,201.36,529.74,186.92,523.8,172.47,523.8,201.36,523.8,28.89,11.88,2
5.23,27, white car,170.19,517.9,198.94,529.71,184.56,523.81,170.19,523.81,198.94,523.81,28.75,11.82,2
5.27,27, white car,168.08,517.82,197.23,529.8,182.65,523.81,168.08,523.81,197.23,523.81,29.15,11.98,2
5.3,27, white car,165.55,517.7,195.29,529.9,180.42,523.8,165.55,523.8,195.29,523.8,29.74,12.2,2
5.33,27, white car,163.11,517.66,192.96,529.89,178.04,523.77,163.11,523.77,192.96,523.77,29.84,12.22,2
5.37,27, white car,160.35,517.15,190.98,529.76,175.67,523.45,160.35,523.45,190.98,523.45,30.63,12.62,2
5.4,27, white car,157.74,516.84,188.77,529.7,173.25,523.27,157.74,523.27,188.77,523.27,31.03,12.85,2
5.43,27, white car,155.19,516.61,186.96,529.87,171.07,523.24,155.19,523.24,186.96,523.24,31.77,13.26,2
5.47,27, white car,153.13,516.37,184.97,529.74,169.05,523.06,153.13,523.06,184.97,523.06,31.84,13.37,2
5.5,27, white car,151.07,516.39,182.71,529.75,166.89,523.07,151.07,523.07,182.71,523.07,31.64,13.36,2
5.53,27, white car,148.93,516.45,179.95,529.58,164.44,523.02,148.93,523.02,179.95,523.02,31.02,13.13,2
5.57,27, white car,146.78,516.36,177.45,529.39,162.12,522.87,146.78,522.87,177.45,522.87,30.67,13.03,2
5.6,27, white car,144.52,516.3,174.78,529.18,159.65,522.74,144.52,522.74,174.78,522.74,30.26,12.88,2
5.63,27, white car,142.56,516.15,172.03,528.68,157.29,522.41,142.56,522.41,172.03,522.41,29.47,12.53,2
5.67,27, white car,140.46,516.1,169.64,528.51,155.05,522.3,140.46,522.3,169.64,522.3,29.18,12.41,2
5.7,27, white car,138.53,516.12,167.41,528.41,152.97,522.27,138.53,522.27,167.41,522.27,28.88,12.29,2
5.73,27, white car,136.14,516.03,165.15,528.41,150.65,522.22,136.14,522.22,165.15,522.22,29.01,12.38,2
5.77,27, white car,133.65,515.85,162.95,528.4,148.3,522.12,133.65,522.12,162.95,522.12,29.3,12.55,2
5.8,27, white car,131.24,515.68,160.47,528.23,145.85,521.95,131.24,521.95,160.47,521.95,29.22,12.54,2
5.83,27, white car,129.16,515.56,158.31,528.1,143.74,521.83,129.16,521.83,158.31,521.83,29.14,12.54,2
5.87,27, white car,127.1,515.49,156.33,528.13,141.72,521.81,127.1,521.81,156.33,521.81,29.23,12.64,2
5.9,27, white car,125.08,515.29,154.63,528.11,139.86,521.7,125.08,521.7,154.63,521.7,29.55,12.82,2
5.93,27, white car,122.54,515.07,151.77,527.8,137.15,521.44,122.54,521.44,151.77,521.44,29.23,12.73,2
5.97,27, white car,120.07,514.97,149.16,527.68,134.62,521.32,120.07,521.32,149.16,521.32,29.1,12.71,2
6.0,27, white car,117.96,514.8,147.19,527.61,132.58,521.2,117.96,521.2,147.19,521.2,29.23,12.81,2
6.03,27, white car,116.06,514.81,144.81,527.45,130.44,521.13,116.06,521.13,144.81,521.13,28.74,12.64,2
6.07,27, white car,113.87,514.7,142.16,527.15,128.01,520.93,113.87,520.93,142.16,520.93,28.29,12.45,2
6.1,27, white car,111.56,514.39,140.09,526.95,125.82,520.67,111.56,520.67,140.09,520.67,28.53,12.56,2
6.13,27, white car,109.73,514.44,138.27,527.0,124.0,520.72,109.73,520.72,138.27,520.72,28.54,12.55,2
6.17,27, white car,107.35,514.8,135.47,527.16,121.41,520.98,107.35,520.98,135.47,520.98,28.12,12.37,2
6.2,27, white car,104.87,514.52,133.54,527.11,119.21,520.81,104.87,520.81,133.54,520.81,28.66,12.59,2
6.23,27, white car,102.52,514.41,131.4,527.05,116.96,520.73,102.52,520.73,131.4,520.73,28.88,12.65,2
6.27,27, white car,100.6,514.53,129.0,526.95,114.8,520.74,100.6,520.74,129.0,520.74,28.4,12.42,2
6.3,27, white car,98.64,514.44,126.42,526.58,112.53,520.51,98.64,520.51,126.42,520.51,27.78,12.14,2
6.33,27, white car,96.59,514.43,124.29,526.51,110.44,520.47,96.59,520.47,124.29,520.47,27.7,12.08,2
6.37,27, white car,94.27,514.47,121.99,526.54,108.13,520.5,94.27,520.5,121.99,520.5,27.72,12.07,2
6.4,27, white car,91.65,514.16,119.74,526.4,105.69,520.28,91.65,520.28,119.74,520.28,28.1,12.24,2
6.43,27, white car,89.16,513.97,117.72,526.42,103.44,520.19,89.16,520.19,117.72,520.19,28.55,12.46,2
6.47,27, white car,87.06,513.98,115.39,526.36,101.22,520.17,87.06,520.17,115.39,520.17,28.33,12.38,2
6.5,27, white car,84.8,513.88,112.86,526.11,98.83,520.0,84.8,520.0,112.86,520.0,28.06,12.23,2
6.53,27, white car,82.66,513.89,110.83,526.16,96.75,520.03,82.66,520.03,110.83,520.03,28.18,12.27,2
6.57,27, white car,80.74,513.87,108.92,526.11,94.83,519.99,80.74,519.99,108.92,519.99,28.17,12.23,2
6.6,27, white car,78.04,513.6,106.47,525.95,92.26,519.77,78.04,519.77,106.47,519.77,28.44,12.36,2
6.63,27, white car,75.77,513.22,104.82,525.84,90.29,519.53,75.77,519.53,104.82,519.53,29.05,12.62,2
6.67,27, white car,73.67,513.16,102.74,525.8,88.2,519.48,73.67,519.48,102.74,519.48,29.07,12.64,2
6.7,27, white car,71.19,512.96,99.95,525.49,85.57,519.22,71.19,519.22,99.95,519.22,28.75,12.53,2
6.73,27, white car,68.94,512.83,97.74,525.4,83.34,519.12,68.94,519.12,97.74,519.12,28.81,12.57,2
6.77,27, white car,67.12,512.79,96.05,525.42,81.59,519.11,67.12,519.11,96.05,519.11,28.93,12.63,2
6.8,27, white car,64.93,512.68,93.92,525.31,79.42,519.0,64.93,519.0,93.92,519.0,28.99,12.63,2
6.83,27, white car,63.04,512.72,91.56,525.12,77.3,518.92,63.04,518.92,91.56,518.92,28.52,12.4,2
6.87,27, white car,61.08,512.77,89.4,525.07,75.24,518.92,61.08,518.92,89.4,518.92,28.33,12.3,2
6.9,27, white car,58.95,512.75,87.14,524.96,73.04,518.85,58.95,518.85,87.14,518.85,28.19,12.22,2
6.93,27, white car,56.68,512.71,84.89,524.89,70.78,518.8,56.68,518.8,84.89,518.8,28.21,12.18,2
6.97,27, white car,54.42,512.55,82.99,524.86,68.71,518.7,54.42,518.7,82.99,518.7,28.58,12.32,2
7.0,27, white car,51.97,512.44,80.83,524.86,66.4,518.65,51.97,518.65,80.83,518.65,28.86,12.42,2
7.03,27, white car,49.42,512.39,78.32,524.83,63.87,518.61,49.42,518.61,78.32,518.61,28.9,12.44,2
7.07,27, white car,47.5,512.27,76.14,524.58,61.82,518.43,47.5,518.43,76.14,518.43,28.64,12.3,2
7.1,27, white car,45.4,512.3,73.69,524.42,59.55,518.36,45.4,518.36,73.69,518.36,28.28,12.12,2
7.13,27, white car,43.19,512.38,70.96,524.28,57.08,518.33,43.19,518.33,70.96,518.33,27.78,11.9,2
7.17,27, white car,41.19,512.39,69.1,524.33,55.14,518.36,41.19,518.36,69.1,518.36,27.9,11.93,2
7.2,27, white car,39.05,512.3,67.19,524.31,53.12,518.3,39.05,518.3,67.19,518.3,28.14,12.0,2
7.23,27, white car,36.54,512.11,64.82,524.15,50.68,518.13,36.54,518.13,64.82,518.13,28.28,12.04,2
7.27,27, white car,34.54,512.05,62.99,524.15,48.76,518.1,34.54,518.1,62.99,518.1,28.45,12.1,2
7.3,27, white car,32.14,511.91,60.53,523.97,46.33,517.94,32.14,517.94,60.53,517.94,28.39,12.06,2
7.33,27, white car,30.17,511.69,58.24,523.61,44.2,517.65,30.17,517.65,58.24,517.65,28.07,11.92,2
7.37,27, white car,28.02,511.46,56.18,523.41,42.1,517.43,28.02,517.43,56.18,517.43,28.16,11.95,2
7.4,27, white car,25.68,511.28,54.21,523.36,39.94,517.32,25.68,517.32,54.21,517.32,28.53,12.08,2
7.43,27, white car,23.46,511.17,51.87,523.18,37.67,517.18,23.46,517.18,51.87,517.18,28.42,12.01,2
7.47,27, white car,21.09,511.06,49.61,523.11,35.35,517.08,21.09,517.08,49.61,517.08,28.52,12.05,2
7.5,27, white car,18.7,511.08,47.09,523.06,32.9,517.07,18.7,517.07,47.09,517.07,28.38,11.98,2
7.53,27, white car,16.6,510.99,44.78,522.86,30.69,516.92,16.6,516.92,44.78,516.92,28.17,11.87,2
7.57,27, white car,14.74,511.02,42.77,522.81,28.76,516.92,14.74,516.92,42.77,516.92,28.03,11.79,2
7.6,27, white car,12.77,510.94,40.91,522.76,26.84,516.85,12.77,516.85,40.91,516.85,28.13,11.82,2
7.63,27, white car,10.5,510.93,38.5,522.69,24.5,516.81,10.5,516.81,38.5,516.81,28.01,11.76,2
7.67,27, white car,8.21,510.8,36.06,522.48,22.13,516.64,8.21,516.64,36.06,516.64,27.85,11.68,2
7.7,27, white car,5.78,510.58,34.08,522.44,19.93,516.51,5.78,516.51,34.08,516.51,28.31,11.86,2
7.73,27, white car,3.11,510.26,32.18,522.42,17.64,516.34,3.11,516.34,32.18,516.34,29.07,12.16,2
7.77,27, white car,0.92,510.16,30.06,522.37,15.49,516.27,0.92,516.27,30.06,516.27,29.14,12.21,2
7.8,27, white car,0.0,509.88,28.42,522.2,14.21,516.04,0.0,516.04,28.42,516.04,28.42,12.32,2
7.83,27, white car,0.0,509.74,27.05,521.99,13.52,515.87,0.0,515.87,27.05,515.87,27.05,12.25,2
7.87,27, white car,0.0,509.77,25.26,521.83,12.63,515.8,0.0,515.8,25.26,515.8,25.26,12.06,2
7.93,27, white car,0.0,509.99,22.68,522.13,11.34,516.06,0.0,516.06,22.68,516.06,22.68,12.14,2
7.97,27, white car,0.0,510.07,21.05,521.95,10.53,516.01,0.0,516.01,21.05,516.01,21.05,11.87,2
1.83,37, black car,147.34,502.67,174.69,514.25,161.02,508.46,147.34,508.46,174.69,508.46,27.35,11.58,1
1.87,37, black car,144.64,502.36,171.54,513.74,158.09,508.05,144.64,508.05,171.54,508.05,26.9,11.38,1
1.9,37, black car,141.79,502.23,168.74,513.65,155.26,507.94,141.79,507.94,168.74,507.94,26.95,11.42,1
1.93,37, black car,137.53,502.0,165.6,513.9,151.57,507.95,137.53,507.95,165.6,507.95,28.07,11.9,1
1.97,37, black car,135.19,502.1,162.94,513.89,149.07,507.99,135.19,507.99,162.94,507.99,27.74,11.78,1
2.0,37, black car,133.1,502.15,160.42,513.81,146.76,507.98,133.1,507.98,160.42,507.98,27.32,11.65,1
2.03,37, black car,131.88,502.4,158.47,513.8,145.17,508.1,131.88,508.1,158.47,508.1,26.59,11.39,1
2.07,37, black car,129.1,502.32,155.76,513.77,142.43,508.05,129.1,508.05,155.76,508.05,26.67,11.45,1
2.1,37, black car,126.23,502.31,152.45,513.62,139.34,507.96,126.23,507.96,152.45,507.96,26.22,11.31,1
2.13,37, black car,123.13,502.02,149.49,513.42,136.31,507.72,123.13,507.72,149.49,507.72,26.36,11.4,1
2.2,37, black car,116.25,501.44,143.93,513.45,130.09,507.44,116.25,507.44,143.93,507.44,27.69,12.0,1
2.23,37, black car,114.07,501.44,142.0,513.56,128.03,507.5,114.07,507.5,142.0,507.5,27.93,12.13,1
2.27,37, black car,112.07,501.19,139.23,513.02,125.65,507.11,112.07,507.11,139.23,507.11,27.16,11.83,1
2.3,37, black car,109.52,501.13,136.09,512.76,122.81,506.94,109.52,506.94,136.09,506.94,26.58,11.63,1
2.33,37, black car,105.74,500.72,133.1,512.7,119.42,506.71,105.74,506.71,133.1,506.71,27.37,11.98,1
2.43,37, black car,98.55,499.9,126.03,511.9,112.29,505.9,98.55,505.9,126.03,505.9,27.48,12.01,1
2.47,37, black car,96.26,500.31,122.82,511.94,109.54,506.12,96.26,506.12,122.82,506.12,26.56,11.63,1
2.53,37, black car,91.21,500.19,117.07,511.58,104.14,505.88,91.21,505.88,117.07,505.88,25.86,11.39,1
2.57,37, black car,89.05,500.32,114.17,511.44,101.61,505.88,89.05,505.88,114.17,505.88,25.12,11.12,1
2.63,37, black car,83.29,499.64,108.59,510.85,95.94,505.25,83.29,505.25,108.59,505.25,25.3,11.21,1
2.67,37, black car,79.85,499.52,105.34,510.83,92.6,505.18,79.85,505.18,105.34,505.18,25.48,11.31,1
2.7,37, black car,76.76,499.47,102.43,510.87,89.6,505.17,76.76,505.17,102.43,505.17,25.67,11.41,1
2.73,37, black car,74.61,499.49,100.42,510.93,87.51,505.21,74.61,505.21,100.42,505.21,25.81,11.44,1
2.77,37, black car,71.38,499.22,98.51,511.21,84.94,505.21,71.38,505.21,98.51,505.21,27.13,11.99,1
2.83,37, black car,66.39,498.97,94.13,511.2,80.26,505.09,66.39,505.09,94.13,505.09,27.75,12.23,1
2.87,37, black car,64.74,498.93,92.26,511.01,78.5,504.97,64.74,504.97,92.26,504.97,27.52,12.08,1
2.9,37, black car,62.48,499.02,89.13,510.67,75.81,504.85,62.48,504.85,89.13,504.85,26.65,11.66,1
3.0,37, black car,53.6,498.31,80.21,509.83,66.91,504.07,53.6,504.07,80.21,504.07,26.61,11.52,1
3.37,37, black car,25.65,497.19,53.09,509.02,39.37,503.1,25.65,503.1,53.09,503.1,27.44,11.82,1
3.4,37, black car,22.49,496.78,50.38,508.69,36.44,502.74,22.49,502.74,50.38,502.74,27.88,11.91,1
3.43,37, black car,19.0,496.51,48.13,508.85,33.57,502.68,19.0,502.68,48.13,502.68,29.14,12.33,1
