frame,ID,car_type,center_x,center_y,front_x,front_y,back_x,back_y,width,height,lane,v_x,v_y,a_x,a_y
3.03,5, white car,1358.25,508.68,1342.08,508.68,1374.42,508.68,32.34,14.27,1,0.0,0.0,0.0,0.0
3.07,5, white car,1355.2,508.79,1338.95,508.79,1371.45,508.79,32.5,14.39,1,-28.24,1.02,0.0,0.0
3.1,5, white car,1352.25,508.88,1336.0,508.88,1368.5,508.88,32.5,14.43,1,-27.31,0.83,31.0,-6.33
3.13,5, white car,1349.51,509.08,1333.42,509.08,1365.61,509.08,32.2,14.33,1,-25.37,1.85,64.67,34.0
3.17,5, white car,1346.54,509.04,1330.59,509.04,1362.5,509.04,31.91,14.22,1,-27.5,-0.37,-71.0,-74.0
3.2,5, white car,1343.02,509.22,1327.19,509.22,1358.86,509.22,31.67,14.14,1,-32.59,1.67,-169.67,68.0
3.23,5, white car,1340.04,509.41,1324.33,509.41,1355.76,509.41,31.42,14.08,1,-27.59,1.76,166.67,3.0
3.27,5, white car,1337.15,509.76,1321.39,509.76,1352.92,509.76,31.53,14.14,1,-26.76,3.24,27.67,49.33
3.3,5, white car,1334.39,509.89,1318.47,509.89,1350.32,509.89,31.84,14.28,1,-25.56,1.2,40.0,-68.0
3.33,5, white car,1331.14,509.73,1315.42,509.73,1346.87,509.73,31.46,14.11,1,-30.09,-1.48,-151.0,-89.33
3.37,5, white car,1328.0,509.98,1312.96,509.98,1343.04,509.98,30.08,13.43,1,-29.07,2.31,34.0,126.33
3.4,5, white car,1324.96,509.92,1310.13,509.92,1339.79,509.92,29.65,13.21,1,-28.15,-0.56,30.67,-95.67
3.43,5, white car,1321.93,510.14,1307.04,510.14,1336.82,510.14,29.78,13.22,1,-28.06,2.04,3.0,86.67
3.47,5, white car,1318.74,510.3,1303.57,510.3,1333.91,510.3,30.34,13.42,1,-29.54,1.48,-49.33,-18.67
3.5,5, white car,1315.74,510.29,1300.37,510.29,1331.11,510.29,30.74,13.54,1,-27.78,-0.09,58.67,-52.33
3.53,5, white car,1312.85,510.31,1297.6,510.31,1328.09,510.31,30.48,13.35,1,-26.76,0.19,34.0,9.33
3.57,5, white car,1309.37,510.51,1294.38,510.51,1324.37,510.51,29.98,13.08,1,-32.22,1.85,-182.0,55.33
3.6,5, white car,1306.78,510.67,1291.85,510.67,1321.72,510.67,29.87,13.03,1,-23.98,1.48,274.67,-12.33
3.63,5, white car,1303.9,510.78,1288.81,510.78,1319.0,510.78,30.19,13.13,1,-26.67,1.02,-89.67,-15.33
4.0,5, white car,1270.17,512.93,1255.35,512.93,1284.99,512.93,29.64,12.87,1,-312.31,19.91,-9521.33,629.67
4.07,5, white car,1263.95,513.29,1249.43,513.29,1278.48,513.29,29.05,12.54,1,-57.59,3.33,8490.67,-552.67
4.1,5, white car,1261.04,513.35,1246.21,513.35,1275.87,513.35,29.66,12.71,1,-26.94,0.56,1021.67,-92.33
4.13,5, white car,1257.95,513.51,1243.24,513.51,1272.65,513.51,29.41,12.57,1,-28.61,1.48,-55.67,30.67
4.17,5, white car,1255.1,513.51,1240.4,513.51,1269.79,513.51,29.4,12.56,1,-26.39,0.0,74.0,-49.33
4.2,5, white car,1252.43,513.64,1237.93,513.64,1266.92,513.64,28.99,12.29,1,-24.72,1.2,55.67,40.0
4.23,5, white car,1249.57,513.96,1234.48,513.96,1264.66,513.96,30.18,12.8,1,-26.48,2.96,-58.67,58.67
4.27,5, white car,1246.42,513.95,1231.13,513.95,1261.7,513.95,30.57,12.98,1,-29.17,-0.09,-89.67,-101.67
4.3,5, white car,1242.97,514.23,1227.89,514.23,1258.04,514.23,30.15,12.81,1,-31.94,2.59,-92.33,89.33
4.33,5, white car,1240.3,514.66,1225.28,514.66,1255.33,514.66,30.05,12.75,1,-24.72,3.98,240.67,46.33
4.37,5, white car,1237.48,514.92,1222.65,514.92,1252.31,514.92,29.67,12.55,1,-26.11,2.41,-46.33,-52.33
4.4,5, white car,1233.95,515.15,1218.99,515.15,1248.91,515.15,29.92,12.67,1,-32.69,2.13,-219.33,-9.33
4.43,5, white car,1231.12,515.47,1216.27,515.47,1245.96,515.47,29.69,12.55,1,-26.2,2.96,216.33,27.67
4.47,5, white car,1228.21,515.59,1213.34,515.59,1243.08,515.59,29.74,12.56,1,-26.94,1.11,-24.67,-61.67
4.5,5, white car,1225.01,515.72,1210.37,515.72,1239.64,515.72,29.27,12.36,1,-29.63,1.2,-89.67,3.0
4.53,5, white car,1221.95,516.04,1207.16,516.04,1236.74,516.04,29.58,12.48,1,-28.33,2.96,43.33,58.67
4.57,5, white car,1218.93,516.16,1203.93,516.16,1233.92,516.16,29.99,12.66,1,-27.96,1.11,12.33,-61.67
4.6,5, white car,1216.19,516.38,1200.98,516.38,1231.39,516.38,30.41,12.84,1,-25.37,2.04,86.33,31.0
4.63,5, white car,1213.06,516.51,1197.92,516.51,1228.2,516.51,30.27,12.8,1,-28.98,1.2,-120.33,-28.0
4.67,5, white car,1209.81,516.79,1194.72,516.79,1224.89,516.79,30.17,12.74,1,-30.09,2.59,-37.0,46.33
4.7,5, white car,1206.96,517.07,1191.64,517.07,1222.28,517.07,30.64,12.92,1,-26.39,2.59,123.33,0.0
4.73,5, white car,1203.85,516.98,1188.54,516.98,1219.16,516.98,30.62,12.91,1,-28.8,-0.83,-80.33,-114.0
4.77,5, white car,1200.71,517.21,1185.71,517.21,1215.71,517.21,30.0,12.62,1,-29.07,2.13,-9.0,98.67
4.8,5, white car,1197.8,517.49,1183.25,517.49,1212.36,517.49,29.11,12.2,1,-26.94,2.59,71.0,15.33
4.83,5, white car,1194.89,517.55,1180.42,517.55,1209.37,517.55,28.95,12.09,1,-26.94,0.56,0.0,-67.67
4.87,5, white car,1191.84,517.63,1177.55,517.63,1206.14,517.63,28.59,11.9,1,-28.24,0.74,-43.33,6.0
4.9,5, white car,1188.85,518.02,1174.5,518.02,1203.2,518.02,28.7,11.93,1,-27.69,3.61,18.33,95.67
4.93,5, white car,1185.82,518.24,1171.69,518.24,1199.96,518.24,28.27,11.7,1,-28.06,2.04,-12.33,-52.33
4.97,5, white car,1182.82,518.35,1168.79,518.35,1196.86,518.35,28.07,11.57,1,-27.78,1.02,9.33,-34.0
5.0,5, white car,1179.93,518.51,1165.66,518.51,1194.2,518.51,28.55,11.75,1,-26.76,1.48,34.0,15.33
5.03,5, white car,1176.82,518.75,1162.13,518.75,1191.51,518.75,29.38,12.11,1,-28.8,2.22,-68.0,24.67
5.07,5, white car,1174.01,518.85,1159.37,518.85,1188.65,518.85,29.28,12.07,1,-26.02,0.93,92.67,-43.0
5.1,5, white car,1171.19,518.95,1156.55,518.95,1185.83,518.95,29.28,12.09,1,-26.11,0.93,-3.0,0.0
5.13,5, white car,1168.12,519.22,1153.44,519.22,1182.81,519.22,29.37,12.14,1,-28.43,2.5,-77.33,52.33
5.17,5, white car,1165.09,519.53,1150.16,519.53,1180.03,519.53,29.87,12.39,1,-28.06,2.87,12.33,12.33
5.2,5, white car,1161.86,519.62,1146.98,519.62,1176.74,519.62,29.76,12.35,1,-29.91,0.83,-61.67,-68.0
5.23,5, white car,1159.01,520.01,1144.43,520.01,1173.58,520.01,29.15,12.07,1,-26.39,3.61,117.33,92.67
5.27,5, white car,1155.81,520.14,1141.64,520.14,1169.97,520.14,28.33,11.72,1,-29.63,1.2,-108.0,-80.33
5.3,5, white car,1153.11,520.19,1139.19,520.19,1167.04,520.19,27.86,11.46,1,-25.0,0.46,154.33,-24.67
5.33,5, white car,1149.78,520.41,1135.68,520.41,1163.88,520.41,28.2,11.6,1,-30.83,2.04,-194.33,52.67
5.37,5, white car,1146.61,520.52,1132.36,520.52,1160.86,520.52,28.5,11.7,1,-29.35,1.02,49.33,-34.0
5.4,5, white car,1143.49,520.74,1129.39,520.74,1157.59,520.74,28.2,11.55,1,-28.89,2.04,15.33,34.0
5.43,5, white car,1140.89,520.96,1126.81,520.96,1154.97,520.96,28.17,11.51,1,-24.07,2.04,160.67,0.0
5.47,5, white car,1138.01,521.32,1123.96,521.32,1152.06,521.32,28.09,11.44,1,-26.67,3.33,-86.67,43.0
5.5,5, white car,1135.11,521.5,1120.8,521.5,1149.42,521.5,28.61,11.66,1,-26.85,1.67,-6.0,-55.33
5.53,5, white car,1132.09,521.89,1117.97,521.89,1146.21,521.89,28.24,11.49,1,-27.96,3.61,-37.0,64.67
5.57,5, white car,1129.17,521.96,1115.09,521.96,1143.26,521.96,28.16,11.42,1,-27.04,0.65,30.67,-98.67
5.6,5, white car,1126.26,522.2,1112.01,522.2,1140.51,522.2,28.5,11.54,1,-26.94,2.22,3.33,52.33
5.63,5, white car,1123.13,522.35,1109.09,522.35,1137.17,522.35,28.07,11.33,1,-28.98,1.39,-68.0,-27.67
5.67,5, white car,1120.17,522.54,1106.21,522.54,1134.12,522.54,27.91,11.23,1,-27.41,1.76,52.33,12.33
5.7,5, white car,1117.43,522.62,1103.7,522.62,1131.16,522.62,27.46,10.99,1,-25.37,0.74,68.0,-34.0
5.73,5, white car,1113.96,522.86,1100.03,522.86,1127.89,522.86,27.86,11.14,1,-32.13,2.22,-225.33,49.33
5.77,5, white car,1110.78,523.13,1096.81,523.13,1124.76,523.13,27.94,11.19,1,-29.44,2.5,89.67,9.33
5.8,5, white car,1107.66,523.39,1093.52,523.39,1121.8,523.39,28.27,11.33,1,-28.89,2.41,18.33,-3.0
5.83,5, white car,1104.71,523.66,1090.73,523.66,1118.7,523.66,27.97,11.22,1,-27.31,2.5,52.67,3.0
5.87,5, white car,1101.88,523.92,1087.83,523.92,1115.93,523.92,28.11,11.24,1,-26.2,2.41,37.0,-3.0
5.9,5, white car,1099.07,524.03,1084.99,524.03,1113.14,524.03,28.14,11.28,1,-26.02,1.02,6.0,-46.33
5.93,5, white car,1096.17,524.27,1082.19,524.27,1110.16,524.27,27.97,11.18,1,-26.85,2.22,-27.67,40.0
5.97,5, white car,1093.29,524.29,1079.2,524.29,1107.38,524.29,28.18,11.24,1,-26.67,0.19,6.0,-67.67
6.0,5, white car,1090.18,524.6,1075.9,524.6,1104.46,524.6,28.56,11.35,1,-28.8,2.87,-71.0,89.33
6.03,5, white car,1087.32,524.83,1073.05,524.83,1101.58,524.83,28.52,11.3,1,-26.48,2.13,77.33,-24.67
6.07,5, white car,1084.11,524.91,1070.1,524.91,1098.12,524.91,28.02,11.08,1,-29.72,0.74,-108.0,-46.33
6.1,5, white car,1081.12,525.11,1067.08,525.11,1095.17,525.11,28.09,11.09,1,-27.69,1.85,67.67,37.0
6.13,5, white car,1078.28,525.31,1063.97,525.31,1092.6,525.31,28.63,11.31,1,-26.3,1.85,46.33,0.0
6.17,5, white car,1075.4,525.4,1061.09,525.4,1089.72,525.4,28.63,11.31,1,-26.67,0.83,-12.33,-34.0
6.2,5, white car,1072.32,525.4,1057.98,525.4,1086.66,525.4,28.68,11.33,1,-28.52,0.0,-61.67,-27.67
6.23,5, white car,1069.49,525.61,1055.15,525.61,1083.83,525.61,28.68,11.33,1,-26.2,1.94,77.33,64.67
6.27,5, white car,1066.46,525.83,1051.51,525.83,1081.4,525.83,29.9,11.84,1,-28.06,2.04,-62.0,3.33
6.3,5, white car,1063.48,526.1,1048.49,526.1,1078.48,526.1,29.99,11.9,1,-27.59,2.5,15.67,15.33
6.33,5, white car,1060.44,526.06,1045.72,526.06,1075.15,526.06,29.42,11.66,1,-28.15,-0.37,-18.67,-95.67
6.37,5, white car,1057.54,526.16,1042.81,526.16,1072.27,526.16,29.46,11.68,1,-26.85,0.93,43.33,43.33
6.4,5, white car,1054.44,526.33,1039.77,526.33,1069.11,526.33,29.34,11.64,1,-28.7,1.57,-61.67,21.33
6.43,5, white car,1051.31,526.67,1036.44,526.67,1066.18,526.67,29.74,11.86,1,-28.98,3.15,-9.33,52.67
6.47,5, white car,1048.51,527.03,1033.4,527.03,1063.62,527.03,30.23,12.08,1,-25.93,3.33,101.67,6.0
6.5,5, white car,1045.38,527.34,1030.25,527.34,1060.5,527.34,30.25,12.13,1,-28.98,2.87,-101.67,-15.33
6.53,5, white car,1042.62,527.47,1027.92,527.47,1057.32,527.47,29.4,11.82,1,-25.56,1.2,114.0,-55.67
6.57,5, white car,1039.8,527.68,1025.26,527.68,1054.33,527.68,29.06,11.72,1,-26.11,1.94,-18.33,24.67
6.6,5, white car,1036.56,527.93,1021.9,527.93,1051.22,527.93,29.32,11.85,1,-30.0,2.31,-129.67,12.33
6.63,5, white car,1033.61,527.98,1019.06,527.98,1048.17,527.98,29.11,11.77,1,-27.31,0.46,89.67,-61.67
6.67,5, white car,1030.59,528.08,1016.14,528.08,1045.04,528.08,28.9,11.66,1,-27.96,0.93,-21.67,15.67
6.7,5, white car,1027.88,528.17,1013.45,528.17,1042.31,528.17,28.86,11.61,1,-25.09,0.83,95.67,-3.33
6.73,5, white car,1024.49,528.35,1010.51,528.35,1038.47,528.35,27.96,11.25,1,-31.39,1.67,-210.0,28.0
6.77,5, white car,1021.52,528.43,1007.62,528.43,1035.41,528.43,27.78,11.15,1,-27.5,0.74,129.67,-31.0
6.8,5, white car,1018.54,528.81,1004.64,528.81,1032.43,528.81,27.79,11.15,2,-27.59,3.52,-3.0,92.67
6.83,5, white car,1015.67,528.73,1001.52,528.73,1029.83,528.73,28.31,11.36,1,-26.57,-0.74,34.0,-142.0
6.87,5, white car,1012.91,528.66,998.72,528.66,1027.09,528.66,28.37,11.37,1,-25.56,-0.65,33.67,3.0
6.9,5, white car,1010.01,528.92,995.97,528.92,1024.05,528.92,28.07,11.26,2,-26.85,2.41,-43.0,102.0
6.93,5, white car,1006.99,529.14,992.61,529.14,1021.36,529.14,28.74,11.55,2,-27.96,2.04,-37.0,-12.33
6.97,5, white car,1003.96,529.23,989.71,529.23,1018.21,529.23,28.5,11.43,2,-28.06,0.83,-3.33,-40.33
7.0,5, white car,1001.16,529.23,986.58,529.23,1015.74,529.23,29.15,11.73,2,-25.93,0.0,71.0,-27.67
7.03,5, white car,998.23,529.54,983.74,529.54,1012.72,529.54,28.98,11.66,2,-27.13,2.87,-40.0,95.67
7.07,5, white car,995.34,529.75,980.91,529.75,1009.77,529.75,28.86,11.64,2,-26.76,1.94,12.33,-31.0
7.1,5, white car,992.41,529.8,978.01,529.8,1006.81,529.8,28.81,11.65,2,-27.13,0.46,-12.33,-49.33
7.13,5, white car,989.41,529.89,975.01,529.89,1003.81,529.89,28.81,11.65,2,-27.78,0.83,-21.67,12.33
7.17,5, white car,986.46,529.91,971.88,529.91,1001.05,529.91,29.17,11.82,2,-27.31,0.19,15.67,-21.33
7.2,5, white car,983.54,530.09,969.04,530.09,998.03,530.09,28.99,11.73,2,-27.04,1.67,9.0,49.33
7.23,5, white car,980.48,530.3,966.36,530.3,994.6,530.3,28.24,11.44,2,-28.33,1.94,-43.0,9.0
7.27,5, white car,977.81,530.5,963.54,530.5,992.09,530.5,28.55,11.58,2,-24.72,1.85,120.33,-3.0
7.3,5, white car,975.07,530.79,960.71,530.79,989.43,530.79,28.73,11.64,2,-25.37,2.69,-21.67,28.0
7.33,5, white car,972.04,530.99,957.64,530.99,986.44,530.99,28.81,11.69,2,-28.06,1.85,-89.67,-28.0
7.37,5, white car,969.23,531.2,954.97,531.2,983.49,531.2,28.53,11.55,2,-26.02,1.94,68.0,3.0
7.4,5, white car,966.29,531.31,951.99,531.31,980.59,531.31,28.59,11.57,2,-27.22,1.02,-40.0,-30.67
7.43,5, white car,963.14,531.27,948.73,531.27,977.56,531.27,28.82,11.66,2,-29.17,-0.37,-65.0,-46.33
7.47,5, white car,960.18,531.41,945.67,531.41,974.69,531.41,29.02,11.74,2,-27.41,1.3,58.67,55.67
7.5,5, white car,957.4,531.3,942.94,531.3,971.87,531.3,28.93,11.74,2,-25.74,-1.02,55.67,-77.33
7.53,5, white car,954.4,531.63,940.0,531.63,968.81,531.63,28.81,11.68,2,-27.78,3.06,-68.0,136.0
7.57,5, white car,951.76,531.99,937.24,531.99,966.29,531.99,29.05,11.78,2,-24.44,3.33,111.33,9.0
7.6,5, white car,948.7,531.98,934.23,531.98,963.17,531.98,28.94,11.74,2,-28.33,-0.09,-129.67,-114.0
7.63,5, white car,945.9,532.14,931.29,532.14,960.51,532.14,29.22,11.83,2,-25.93,1.48,80.0,52.33
7.67,5, white car,943.29,532.37,928.66,532.37,957.92,532.37,29.26,11.81,2,-24.17,2.13,58.67,21.67
7.7,5, white car,939.9,532.6,925.3,532.6,954.5,532.6,29.21,11.8,2,-31.39,2.13,-240.67,0.0
7.73,5, white car,936.93,532.79,922.3,532.79,951.57,532.79,29.27,11.83,2,-27.5,1.76,129.67,-12.33
7.77,5, white car,934.04,532.79,919.62,532.79,948.46,532.79,28.85,11.64,2,-26.76,0.0,24.67,-58.67
7.8,5, white car,931.16,532.91,916.63,532.91,945.7,532.91,29.07,11.73,2,-26.67,1.11,3.0,37.0
7.83,5, white car,928.22,533.0,913.57,533.0,942.86,533.0,29.29,11.83,2,-27.22,0.83,-18.33,-9.33
7.87,5, white car,925.45,533.13,910.5,533.13,940.4,533.13,29.9,12.1,2,-25.65,1.2,52.33,12.33
7.9,5, white car,922.53,533.16,907.59,533.16,937.46,533.16,29.88,12.1,2,-27.04,0.28,-46.33,-30.67
7.93,5, white car,919.34,533.19,904.45,533.19,934.23,533.19,29.78,12.05,2,-29.54,0.28,-83.33,0.0
7.97,5, white car,916.5,533.15,901.66,533.15,931.33,533.15,29.67,12.0,2,-26.3,-0.37,108.0,-21.67
8.0,5, white car,913.46,533.29,898.64,533.29,928.28,533.29,29.65,12.01,2,-28.15,1.3,-61.67,55.67
8.03,5, white car,910.53,533.73,895.48,533.73,925.58,533.73,30.09,12.22,2,-27.13,4.07,34.0,92.33
8.07,5, white car,907.66,533.79,892.61,533.79,922.7,533.79,30.1,12.24,2,-26.57,0.56,18.67,-117.0
8.1,5, white car,904.66,534.13,889.97,534.13,919.36,534.13,29.4,11.95,2,-27.78,3.15,-40.33,86.33
8.13,5, white car,902.09,534.33,887.44,534.33,916.73,534.33,29.29,11.91,2,-23.8,1.85,132.67,-43.33
8.17,5, white car,899.21,534.42,884.61,534.42,913.8,534.42,29.19,11.85,2,-26.67,0.83,-95.67,-34.0
8.2,5, white car,896.29,534.6,881.46,534.6,911.12,534.6,29.67,12.07,2,-27.04,1.67,-12.33,28.0
8.23,5, white car,893.4,534.73,878.31,534.73,908.49,534.73,30.18,12.29,2,-26.76,1.2,9.33,-15.67
8.27,5, white car,890.4,534.88,875.43,534.88,905.36,534.88,29.92,12.19,2,-27.78,1.39,-34.0,6.33
8.3,5, white car,887.82,534.93,873.15,534.93,902.49,534.93,29.35,11.99,2,-23.89,0.46,129.67,-31.0
8.33,5, white car,884.62,534.94,869.92,534.94,899.33,534.94,29.41,12.02,2,-29.63,0.09,-191.33,-12.33
8.37,5, white car,881.75,534.98,866.99,534.98,896.51,534.98,29.52,12.11,2,-26.57,0.37,102.0,9.33
8.4,5, white car,878.95,535.16,864.08,535.16,893.81,535.16,29.73,12.21,2,-25.93,1.67,21.33,43.33
8.43,5, white car,875.91,535.18,861.13,535.18,890.69,535.18,29.56,12.15,2,-28.15,0.19,-74.0,-49.33
8.47,5, white car,873.08,535.14,858.35,535.14,887.81,535.14,29.46,12.12,2,-26.2,-0.37,65.0,-18.67
8.5,5, white car,870.39,535.33,855.65,535.33,885.12,535.33,29.47,12.12,2,-24.91,1.76,43.0,71.0
8.53,5, white car,867.67,535.29,852.83,535.29,882.51,535.29,29.68,12.22,2,-25.19,-0.37,-9.33,-71.0
8.57,5, white car,865.03,535.62,850.23,535.62,879.83,535.62,29.6,12.18,2,-24.44,3.06,25.0,114.33
8.6,5, white car,861.92,535.62,847.08,535.62,876.76,535.62,29.68,12.21,2,-28.8,0.0,-145.33,-102.0
8.63,5, white car,858.95,535.79,844.12,535.79,873.79,535.79,29.66,12.21,2,-27.5,1.57,43.33,52.33
8.67,5, white car,856.27,535.91,841.5,535.91,871.04,535.91,29.55,12.16,2,-24.81,1.11,89.67,-15.33
8.7,5, white car,853.32,536.07,838.43,536.07,868.21,536.07,29.78,12.27,2,-27.31,1.48,-83.33,12.33
8.73,5, white car,850.44,536.51,835.57,536.51,865.32,536.51,29.75,12.27,2,-26.67,4.07,21.33,86.33
8.77,5, white car,847.56,536.52,832.77,536.52,862.35,536.52,29.58,12.19,2,-26.67,0.09,0.0,-132.67
8.8,5, white car,844.68,536.76,829.86,536.76,859.49,536.76,29.63,12.21,2,-26.67,2.22,0.0,71.0
8.83,5, white car,841.83,536.9,826.93,536.9,856.73,536.9,29.8,12.27,2,-26.39,1.3,9.33,-30.67
8.87,5, white car,838.98,536.82,824.02,536.82,853.94,536.82,29.91,12.33,2,-26.39,-0.74,0.0,-68.0
8.9,5, white car,836.14,536.97,821.16,536.97,851.12,536.97,29.97,12.33,2,-26.3,1.39,3.0,71.0
8.93,5, white car,833.07,537.02,818.16,537.02,847.97,537.02,29.81,12.26,2,-28.43,0.46,-71.0,-31.0
8.97,5, white car,830.16,537.01,815.17,537.01,845.15,537.01,29.98,12.36,2,-26.94,-0.09,49.67,-18.33
9.0,5, white car,827.53,537.17,812.49,537.17,842.57,537.17,30.08,12.42,2,-24.35,1.48,86.33,52.33
9.03,5, white car,824.67,537.26,809.7,537.26,839.64,537.26,29.94,12.39,2,-26.48,0.83,-71.0,-21.67
9.07,5, white car,821.89,537.28,806.99,537.28,836.79,537.28,29.8,12.35,2,-25.74,0.19,24.67,-21.33
9.1,5, white car,819.02,537.2,804.06,537.2,833.97,537.2,29.91,12.41,2,-26.57,-0.74,-27.67,-31.0
9.13,5, white car,816.43,537.25,801.5,537.25,831.36,537.25,29.87,12.4,2,-23.98,0.46,86.33,40.0
9.17,5, white car,813.89,537.48,799.11,537.48,828.68,537.48,29.57,12.25,2,-23.52,2.13,15.33,55.67
9.2,5, white car,810.93,537.56,796.16,537.56,825.7,537.56,29.54,12.25,2,-27.41,0.74,-129.67,-46.33
9.23,5, white car,808.07,537.74,793.53,537.74,822.61,537.74,29.07,12.04,2,-26.48,1.67,31.0,31.0
9.27,5, white car,805.21,537.81,790.56,537.81,819.87,537.81,29.31,12.13,2,-26.48,0.65,0.0,-34.0
9.3,5, white car,802.09,537.97,787.49,537.97,816.69,537.97,29.2,12.07,2,-28.89,1.48,-80.33,27.67
9.33,5, white car,799.27,538.12,784.64,538.12,813.89,538.12,29.25,12.08,2,-26.11,1.39,92.67,-3.0
9.37,5, white car,796.7,537.98,781.89,537.98,811.5,537.98,29.61,12.24,2,-23.8,-1.3,77.0,-89.67
9.4,5, white car,793.96,538.14,779.09,538.14,808.82,538.14,29.73,12.3,2,-25.37,1.48,-52.33,92.67
9.43,5, white car,791.16,538.17,776.4,538.17,805.92,538.17,29.52,12.22,2,-25.93,0.28,-18.67,-40.0
9.47,5, white car,788.39,538.14,773.78,538.14,803.01,538.14,29.23,12.09,2,-25.65,-0.28,9.33,-18.67
9.5,5, white car,785.68,538.34,771.07,538.34,800.3,538.34,29.23,12.07,2,-25.09,1.85,18.67,71.0
9.53,5, white car,782.77,538.38,767.86,538.38,797.69,538.38,29.83,12.32,2,-26.94,0.37,-61.67,-49.33
9.57,5, white car,779.94,538.34,764.94,538.34,794.94,538.34,30.0,12.4,2,-26.2,-0.37,24.67,-24.67
9.6,5, white car,776.94,538.36,761.9,538.36,791.97,538.36,30.08,12.45,2,-27.78,0.19,-52.67,18.67
9.63,5, white car,774.15,538.39,759.09,538.39,789.2,538.39,30.11,12.47,2,-25.83,0.28,65.0,3.0
9.67,5, white car,771.72,538.6,756.61,538.6,786.83,538.6,30.22,12.49,2,-22.5,1.94,111.0,55.33
9.7,5, white car,768.72,538.72,753.59,538.72,783.85,538.72,30.26,12.53,2,-27.78,1.11,-176.0,-27.67
9.73,5, white car,766.02,538.69,750.89,538.69,781.14,538.69,30.25,12.55,2,-25.0,-0.28,92.67,-46.33
4.27,25, black car,1358.46,509.73,1343.43,509.73,1373.49,509.73,30.06,13.55,1,0.0,0.0,0.0,0.0
4.3,25, black car,1354.62,509.93,1339.23,509.93,1370.01,509.93,30.78,13.89,1,-35.56,1.85,0.0,0.0
4.33,25, black car,1351.58,510.19,1336.23,510.19,1366.92,510.19,30.69,13.88,1,-28.15,2.41,247.0,18.67
4.37,25, black car,1348.56,510.38,1333.34,510.38,1363.78,510.38,30.44,13.75,1,-27.96,1.76,6.33,-21.67
4.4,25, black car,1344.6,510.48,1329.38,510.48,1359.81,510.48,30.43,13.81,1,-36.67,0.93,-290.33,-27.67
4.43,25, black car,1340.6,510.68,1325.27,510.68,1355.92,510.68,30.65,13.97,1,-37.04,1.85,-12.33,30.67
4.63,25, black car,1319.87,512.93,1305.21,512.93,1334.53,512.93,29.32,13.29,1,-191.94,20.83,-5163.33,632.67
4.67,25, black car,1316.73,513.19,1302.1,513.19,1331.36,513.19,29.26,13.16,1,-29.07,2.41,5429.0,-614.0
4.7,25, black car,1312.93,513.52,1298.26,513.52,1327.6,513.52,29.34,13.09,1,-35.19,3.06,-204.0,21.67
4.73,25, black car,1309.29,513.41,1294.25,513.41,1324.33,513.41,30.09,13.37,1,-33.7,-1.02,49.67,-136.0
4.77,25, black car,1306.14,513.68,1290.99,513.68,1321.3,513.68,30.31,13.48,1,-29.17,2.5,151.0,117.33
4.8,25, black car,1302.75,513.87,1287.59,513.87,1317.91,513.87,30.32,13.52,1,-31.39,1.76,-74.0,-24.67
4.83,25, black car,1299.65,514.08,1284.42,514.08,1314.88,514.08,30.46,13.53,1,-28.7,1.94,89.67,6.0
4.87,25, black car,1296.15,514.41,1281.06,514.41,1311.25,514.41,30.18,13.4,1,-32.41,3.06,-123.67,37.33
4.9,25, black car,1293.19,514.89,1278.16,514.89,1308.21,514.89,30.04,13.29,1,-27.41,4.44,166.67,46.0
4.93,25, black car,1290.1,514.86,1274.85,514.86,1305.35,514.86,30.5,13.44,1,-28.61,-0.28,-40.0,-157.33
4.97,25, black car,1286.01,515.32,1271.2,515.32,1300.81,515.32,29.61,12.97,1,-37.87,4.26,-308.67,151.33
5.0,25, black car,1282.72,515.45,1268.05,515.45,1297.38,515.45,29.33,12.77,1,-30.46,1.2,247.0,-102.0
5.03,25, black car,1278.98,515.66,1264.02,515.66,1293.95,515.66,29.94,13.03,1,-34.63,1.94,-139.0,24.67
5.07,25, black car,1275.97,515.92,1260.66,515.92,1291.27,515.92,30.61,13.33,1,-27.87,2.41,225.33,15.67
5.1,25, black car,1273.04,516.22,1257.66,516.22,1288.42,516.22,30.76,13.35,1,-27.13,2.78,24.67,12.33
5.13,25, black car,1269.16,516.68,1253.94,516.68,1284.39,516.68,30.45,13.18,1,-35.93,4.26,-293.33,49.33
5.17,25, black car,1265.73,517.13,1250.4,517.13,1281.07,517.13,30.67,13.26,1,-31.76,4.17,139.0,-3.0
5.2,25, black car,1262.68,517.45,1247.25,517.45,1278.11,517.45,30.86,13.37,1,-28.24,2.96,117.33,-40.33
5.23,25, black car,1259.01,517.9,1243.8,517.9,1274.22,517.9,30.42,13.18,1,-33.98,4.17,-191.33,40.33
5.27,25, black car,1255.31,518.22,1240.33,518.22,1270.28,518.22,29.96,12.94,1,-34.26,2.96,-9.33,-40.33
5.3,25, black car,1251.98,518.59,1237.15,518.59,1266.81,518.59,29.66,12.75,1,-30.83,3.43,114.33,15.67
5.33,25, black car,1248.88,518.88,1233.57,518.88,1264.19,518.88,30.62,13.15,1,-28.7,2.69,71.0,-24.67
5.37,25, black car,1244.76,519.33,1229.53,519.33,1260.0,519.33,30.47,13.14,2,-38.15,4.17,-315.0,49.33
5.4,25, black car,1240.7,519.81,1226.08,519.81,1255.31,519.81,29.23,12.63,2,-37.59,4.44,18.67,9.0
5.43,25, black car,1237.14,520.24,1222.64,520.24,1251.63,520.24,28.99,12.57,2,-32.96,3.98,154.33,-15.33
5.47,25, black car,1233.97,520.59,1219.12,520.59,1248.81,520.59,29.69,12.92,2,-29.35,3.24,120.33,-24.67
5.5,25, black car,1230.95,520.95,1216.33,520.95,1245.57,520.95,29.24,12.72,2,-27.96,3.33,46.33,3.0
5.53,25, black car,1227.42,521.29,1212.7,521.29,1242.14,521.29,29.44,12.8,2,-32.69,3.15,-157.67,-6.0
5.57,25, black car,1224.16,521.44,1209.54,521.44,1238.77,521.44,29.24,12.72,2,-30.19,1.39,83.33,-58.67
5.6,25, black car,1220.63,521.52,1205.8,521.52,1235.47,521.52,29.68,12.91,2,-32.69,0.74,-83.33,-21.67
5.63,25, black car,1217.67,521.63,1202.87,521.63,1232.47,521.63,29.6,12.86,2,-27.41,1.02,176.0,9.33
5.67,25, black car,1214.39,521.77,1199.89,521.77,1228.89,521.77,29.01,12.52,2,-30.37,1.3,-98.67,9.33
5.7,25, black car,1210.72,522.07,1196.3,522.07,1225.14,522.07,28.84,12.4,2,-33.98,2.78,-120.33,49.33
5.73,25, black car,1207.34,522.23,1193.09,522.23,1221.6,522.23,28.51,12.17,2,-31.3,1.48,89.33,-43.33
5.77,25, black car,1203.71,522.3,1189.56,522.3,1217.87,522.3,28.31,12.05,2,-33.61,0.65,-77.0,-27.67
5.8,25, black car,1200.24,522.58,1186.27,522.58,1214.21,522.58,27.94,11.85,2,-32.13,2.59,49.33,64.67
5.83,25, black car,1196.73,522.98,1183.05,522.98,1210.4,522.98,27.35,11.54,2,-32.5,3.7,-12.33,37.0
5.87,25, black car,1193.32,523.26,1179.61,523.26,1207.03,523.26,27.42,11.54,2,-31.57,2.59,31.0,-37.0
5.9,25, black car,1190.18,523.55,1176.71,523.55,1203.65,523.55,26.94,11.25,2,-29.07,2.69,83.33,3.33
5.93,25, black car,1187.29,524.01,1173.78,524.01,1200.8,524.01,27.01,11.15,2,-26.76,4.26,77.0,52.33
5.97,25, black car,1184.35,524.52,1170.75,524.52,1197.96,524.52,27.21,11.1,2,-27.22,4.72,-15.33,15.33
6.0,25, black car,1181.05,524.99,1167.29,524.99,1194.81,524.99,27.52,11.14,2,-30.56,4.35,-111.33,-12.33
6.03,25, black car,1177.76,525.29,1163.85,525.29,1191.67,525.29,27.82,11.17,2,-30.46,2.78,3.33,-52.33
6.07,25, black car,1174.54,525.46,1160.24,525.46,1188.84,525.46,28.6,11.42,2,-29.81,1.57,21.67,-40.33
6.1,25, black car,1170.87,525.44,1156.39,525.44,1185.34,525.44,28.95,11.5,2,-33.98,-0.19,-139.0,-58.67
6.13,25, black car,1166.99,525.62,1152.48,525.62,1181.51,525.62,29.03,11.52,2,-35.93,1.67,-65.0,62.0
6.17,25, black car,1163.71,525.87,1148.84,525.87,1178.57,525.87,29.73,11.8,2,-30.37,2.31,185.33,21.33
6.2,25, black car,1160.18,526.23,1145.37,526.23,1175.0,526.23,29.64,11.73,2,-32.69,3.33,-77.33,34.0
6.23,25, black car,1157.14,526.3,1142.03,526.3,1172.25,526.3,30.22,11.94,2,-28.15,0.65,151.33,-89.33
6.27,25, black car,1153.8,526.45,1138.73,526.45,1168.86,526.45,30.12,11.93,2,-30.93,1.39,-92.67,24.67
6.3,25, black car,1150.42,526.81,1135.47,526.81,1165.37,526.81,29.89,11.9,2,-31.3,3.33,-12.33,64.67
6.33,25, black car,1146.76,526.98,1131.97,526.98,1161.56,526.98,29.6,11.83,2,-33.89,1.57,-86.33,-58.67
6.37,25, black car,1143.47,527.21,1128.53,527.21,1158.41,527.21,29.88,11.93,2,-30.46,2.13,114.33,18.67
6.4,25, black car,1140.5,527.52,1125.63,527.52,1155.36,527.52,29.73,11.84,2,-27.5,2.87,98.67,24.67
6.43,25, black car,1137.42,527.71,1122.39,527.71,1152.44,527.71,30.05,11.97,2,-28.52,1.76,-34.0,-37.0
6.47,25, black car,1133.94,527.76,1118.83,527.76,1149.05,527.76,30.22,12.09,2,-32.22,0.46,-123.33,-43.33
6.5,25, black car,1130.62,528.01,1115.46,528.01,1145.77,528.01,30.32,12.15,2,-30.74,2.31,49.33,61.67
6.53,25, black car,1127.85,528.16,1112.56,528.16,1143.15,528.16,30.59,12.28,2,-25.65,1.39,169.67,-30.67
6.57,25, black car,1124.51,528.59,1109.35,528.59,1139.66,528.59,30.31,12.21,2,-30.93,3.98,-176.0,86.33
6.6,25, black car,1121.38,528.9,1106.28,528.9,1136.48,528.9,30.19,12.2,2,-28.98,2.87,65.0,-37.0
6.63,25, black car,1118.04,528.92,1103.32,528.92,1132.76,528.92,29.45,11.91,2,-30.93,0.19,-65.0,-89.33
6.67,25, black car,1114.42,529.18,1099.89,529.18,1128.95,529.18,29.06,11.74,2,-33.52,2.41,-86.33,74.0
6.7,25, black car,1110.92,529.46,1096.54,529.46,1125.3,529.46,28.77,11.57,2,-32.41,2.59,37.0,6.0
6.73,25, black car,1108.37,529.61,1093.48,529.61,1123.26,529.61,29.77,11.95,2,-23.61,1.39,293.33,-40.0
6.77,25, black car,1104.84,529.83,1090.24,529.83,1119.45,529.83,29.22,11.74,2,-32.69,2.04,-302.67,21.67
6.8,25, black car,1101.36,529.97,1086.82,529.97,1115.91,529.97,29.09,11.68,2,-32.22,1.3,15.67,-24.67
6.83,25, black car,1098.12,530.01,1083.55,530.01,1112.68,530.01,29.14,11.68,2,-30.0,0.37,74.0,-31.0
6.87,25, black car,1094.82,530.04,1080.15,530.04,1109.49,530.04,29.34,11.78,2,-30.56,0.28,-18.67,-3.0
6.9,25, black car,1091.49,530.16,1076.6,530.16,1106.37,530.16,29.77,12.0,2,-30.83,1.11,-9.0,27.67
6.93,25, black car,1088.59,530.04,1073.58,530.04,1103.6,530.04,30.03,12.11,2,-26.85,-1.11,132.67,-74.0
6.97,25, black car,1085.82,530.12,1070.72,530.12,1100.92,530.12,30.2,12.2,2,-25.65,0.74,40.0,61.67
7.0,25, black car,1082.64,530.32,1067.58,530.32,1097.7,530.32,30.12,12.2,2,-29.44,1.85,-126.33,37.0
7.03,25, black car,1079.41,530.47,1064.58,530.47,1094.24,530.47,29.66,12.04,2,-29.91,1.39,-15.67,-15.33
7.07,25, black car,1076.28,530.88,1061.66,530.88,1090.89,530.88,29.23,11.87,2,-28.98,3.8,31.0,80.33
7.1,25, black car,1073.28,531.01,1058.82,531.01,1087.75,531.01,28.93,11.72,2,-27.78,1.2,40.0,-86.67
7.13,25, black car,1070.19,531.22,1055.61,531.22,1084.77,531.22,29.15,11.77,2,-28.61,1.94,-27.67,24.67
7.17,25, black car,1066.61,531.79,1052.28,531.79,1080.94,531.79,28.66,11.57,2,-33.15,5.28,-151.33,111.33
7.2,25, black car,1063.15,531.8,1049.0,531.8,1077.3,531.8,28.31,11.42,2,-32.04,0.09,37.0,-173.0
7.23,25, black car,1059.91,532.06,1045.94,532.06,1073.87,532.06,27.93,11.22,2,-30.0,2.41,68.0,77.33
7.27,25, black car,1057.25,532.56,1043.17,532.56,1071.33,532.56,28.17,11.31,2,-24.63,4.63,179.0,74.0
7.3,25, black car,1054.0,532.54,1039.69,532.54,1068.3,532.54,28.61,11.48,2,-30.09,-0.19,-182.0,-160.67
7.33,25, black car,1050.57,532.7,1036.02,532.7,1065.12,532.7,29.1,11.7,2,-31.76,1.48,-55.67,55.67
7.37,25, black car,1047.23,532.88,1032.79,532.88,1061.66,532.88,28.86,11.58,2,-30.93,1.67,27.67,6.33
7.4,25, black car,1044.39,532.91,1030.12,532.91,1058.66,532.91,28.54,11.42,2,-26.3,0.28,154.33,-46.33
7.43,25, black car,1041.12,532.96,1026.57,532.96,1055.68,532.96,29.1,11.67,2,-30.28,0.46,-132.67,6.0
7.47,25, black car,1038.12,532.95,1023.29,532.95,1052.94,532.95,29.65,11.96,2,-27.78,-0.09,83.33,-18.33
7.5,25, black car,1034.76,532.77,1019.99,532.77,1049.53,532.77,29.54,11.98,2,-31.11,-1.67,-111.0,-52.67
7.53,25, black car,1031.86,533.01,1017.09,533.01,1046.64,533.01,29.55,12.0,2,-26.85,2.22,142.0,129.67
7.57,25, black car,1029.33,533.23,1014.52,533.23,1044.13,533.23,29.61,12.04,2,-23.43,2.04,114.0,-6.0
7.6,25, black car,1025.98,533.62,1011.09,533.62,1040.87,533.62,29.78,12.13,2,-31.02,3.61,-253.0,52.33
7.63,25, black car,1022.55,534.03,1007.66,534.03,1037.45,534.03,29.78,12.16,2,-31.76,3.8,-24.67,6.33
7.67,25, black car,1019.11,534.3,1004.46,534.3,1033.76,534.3,29.3,12.01,2,-31.85,2.5,-3.0,-43.33
7.7,25, black car,1016.42,534.45,1001.82,534.45,1031.01,534.45,29.18,11.97,2,-24.91,1.39,231.33,-37.0
7.73,25, black car,1013.42,534.6,998.89,534.6,1027.95,534.6,29.06,11.94,2,-27.78,1.39,-95.67,0.0
7.77,25, black car,1010.2,534.63,995.7,534.63,1024.71,534.63,29.01,11.94,2,-29.81,0.28,-67.67,-37.0
7.8,25, black car,1007.02,534.68,992.5,534.68,1021.54,534.68,29.04,11.98,2,-29.44,0.46,12.33,6.0
7.83,25, black car,1004.19,534.71,989.64,534.71,1018.74,534.71,29.11,12.01,2,-26.2,0.28,108.0,-6.0
7.87,25, black car,1001.51,534.55,986.47,534.55,1016.55,534.55,30.08,12.43,2,-24.81,-1.48,46.33,-58.67
7.9,25, black car,998.4,534.74,983.45,534.74,1013.34,534.74,29.89,12.35,2,-28.8,1.76,-133.0,108.0
7.93,25, black car,994.97,534.94,980.18,534.94,1009.76,534.94,29.59,12.23,2,-31.76,1.85,-98.67,3.0
7.97,25, black car,991.98,535.24,977.25,535.24,1006.7,535.24,29.44,12.18,2,-27.69,2.78,135.67,31.0
8.0,25, black car,989.01,535.33,974.32,535.33,1003.71,535.33,29.39,12.15,2,-27.5,0.83,6.33,-65.0
8.03,25, black car,985.89,535.35,971.29,535.35,1000.49,535.35,29.21,12.07,2,-28.89,0.19,-46.33,-21.33
8.07,25, black car,982.52,535.43,968.05,535.43,996.99,535.43,28.94,11.95,2,-31.2,0.74,-77.0,18.33
8.1,25, black car,979.72,535.74,964.97,535.74,994.48,535.74,29.51,12.19,2,-25.93,2.87,175.67,71.0
8.13,25, black car,976.74,535.72,961.99,535.72,991.5,535.72,29.52,12.19,2,-27.59,-0.19,-55.33,-102.0
8.17,25, black car,974.04,535.85,959.2,535.85,988.87,535.85,29.67,12.27,2,-25.0,1.2,86.33,46.33
8.2,25, black car,970.91,536.15,956.24,536.15,985.57,536.15,29.32,12.14,2,-28.98,2.78,-132.67,52.67
8.23,25, black car,967.6,536.18,952.91,536.18,982.29,536.18,29.38,12.18,2,-30.65,0.28,-55.67,-83.33
8.27,25, black car,964.54,536.07,950.24,536.07,978.84,536.07,28.6,11.87,2,-28.33,-1.02,77.33,-43.33
8.3,25, black car,961.73,535.95,947.72,535.95,975.74,535.95,28.02,11.62,2,-26.02,-1.11,77.0,-3.0
8.33,25, black car,959.24,536.02,944.91,536.02,973.57,536.02,28.67,11.86,2,-23.06,0.65,98.67,58.67
8.37,25, black car,955.88,536.06,941.53,536.06,970.22,536.06,28.69,11.86,2,-31.11,0.37,-268.33,-9.33
8.4,25, black car,952.74,536.22,938.39,536.22,967.09,536.22,28.7,11.86,2,-29.07,1.48,68.0,37.0
8.43,25, black car,949.44,536.31,935.24,536.31,963.64,536.31,28.4,11.75,2,-30.56,0.83,-49.67,-21.67
8.47,25, black car,946.62,536.12,931.97,536.12,961.28,536.12,29.31,12.12,2,-26.11,-1.76,148.33,-86.33
8.5,25, black car,943.96,536.36,929.25,536.36,958.66,536.36,29.41,12.15,2,-24.63,2.22,49.33,132.67
8.53,25, black car,940.66,536.72,926.06,536.72,955.27,536.72,29.2,12.09,2,-30.56,3.33,-197.67,37.0
8.57,25, black car,937.41,536.9,922.58,536.9,952.23,536.9,29.65,12.3,2,-30.09,1.67,15.67,-55.33
8.6,25, black car,934.63,537.15,919.75,537.15,949.51,537.15,29.76,12.33,2,-25.74,2.31,145.0,21.33
8.63,25, black car,931.84,537.28,916.71,537.28,946.97,537.28,30.26,12.56,2,-25.83,1.2,-3.0,-37.0
8.67,25, black car,928.97,537.56,913.84,537.56,944.09,537.56,30.25,12.57,2,-26.57,2.59,-24.67,46.33
8.7,25, black car,925.7,537.81,910.69,537.81,940.71,537.81,30.01,12.49,2,-30.28,2.31,-123.67,-9.33
8.73,25, black car,922.49,537.75,907.73,537.75,937.24,537.75,29.51,12.31,2,-29.72,-0.56,18.67,-95.67
8.77,25, black car,919.79,537.7,904.86,537.7,934.72,537.7,29.86,12.47,2,-25.0,-0.46,157.33,3.33
8.8,25, black car,917.08,537.55,901.87,537.55,932.29,537.55,30.42,12.73,2,-25.09,-1.39,-3.0,-31.0
8.83,25, black car,914.04,537.61,899.03,537.61,929.06,537.61,30.03,12.58,2,-28.15,0.56,-102.0,65.0
8.87,25, black car,910.98,537.76,895.81,537.76,926.14,537.76,30.33,12.73,2,-28.33,1.39,-6.0,27.67
8.9,25, black car,907.75,538.0,892.83,538.0,922.67,538.0,29.84,12.51,2,-29.91,2.22,-52.67,27.67
8.93,25, black car,904.83,538.15,890.02,538.15,919.63,538.15,29.61,12.37,2,-27.04,1.39,95.67,-27.67
8.97,25, black car,902.33,538.24,887.7,538.24,916.96,538.24,29.25,12.21,2,-23.15,0.83,129.67,-18.67
5.63,27, black car,1357.85,523.34,1343.5,523.34,1372.19,523.34,28.69,12.27,2,0.0,0.0,0.0,0.0
5.67,27, black car,1354.98,523.41,1340.36,523.41,1369.6,523.41,29.24,12.49,2,-26.57,0.65,0.0,0.0
5.7,27, black car,1351.79,523.51,1337.21,523.51,1366.37,523.51,29.17,12.45,2,-29.54,0.93,-99.0,9.33
5.73,27, black car,1348.85,523.57,1334.31,523.57,1363.38,523.57,29.07,12.4,2,-27.22,0.56,77.33,-12.33
5.77,27, black car,1345.91,523.57,1331.3,523.57,1360.52,523.57,29.21,12.46,2,-27.22,0.0,0.0,-18.67
5.8,27, black car,1343.29,523.85,1328.9,523.85,1357.69,523.85,28.8,12.28,2,-24.26,2.59,98.67,86.33
5.83,27, black car,1340.6,523.97,1326.38,523.97,1354.82,523.97,28.44,12.08,2,-24.91,1.11,-21.67,-49.33
5.87,27, black car,1337.67,524.12,1323.79,524.12,1351.55,524.12,27.77,11.75,2,-27.13,1.39,-74.0,9.33
5.9,27, black car,1333.93,524.58,1320.03,524.58,1347.83,524.58,27.8,11.69,2,-34.63,4.26,-250.0,95.67
5.93,27, black car,1330.57,525.06,1316.83,525.06,1344.31,525.06,27.49,11.47,2,-31.11,4.44,117.33,6.0
5.97,27, black car,1327.78,525.06,1313.89,525.06,1341.66,525.06,27.77,11.53,2,-25.83,0.0,176.0,-148.0
6.0,27, black car,1325.0,525.04,1311.03,525.04,1338.96,525.04,27.93,11.53,2,-25.74,-0.19,3.0,-6.33
6.03,27, black car,1322.28,524.99,1308.24,524.99,1336.32,524.99,28.08,11.54,2,-25.19,-0.46,18.33,-9.0
6.07,27, black car,1319.84,524.88,1305.59,524.88,1334.08,524.88,28.49,11.7,2,-22.59,-1.02,86.67,-18.67
6.1,27, black car,1317.14,525.2,1302.7,525.2,1331.57,525.2,28.87,11.85,2,-25.0,2.96,-80.33,132.67
6.13,27, black car,1314.34,525.37,1299.77,525.37,1328.92,525.37,29.14,11.95,2,-25.93,1.57,-31.0,-46.33
6.17,27, black car,1310.78,525.36,1296.13,525.36,1325.43,525.36,29.31,11.96,2,-32.96,-0.09,-234.33,-55.33
6.2,27, black car,1307.92,525.32,1293.08,525.32,1322.75,525.32,29.67,12.05,2,-26.48,-0.37,216.0,-9.33
6.23,27, black car,1305.36,525.45,1290.39,525.45,1320.33,525.45,29.94,12.14,2,-23.7,1.2,92.67,52.33
6.27,27, black car,1302.85,525.57,1287.46,525.57,1318.23,525.57,30.77,12.48,2,-23.24,1.11,15.33,-3.0
6.3,27, black car,1300.16,525.52,1285.1,525.52,1315.22,525.52,30.11,12.23,2,-24.91,-0.46,-55.67,-52.33
6.33,27, black car,1297.13,525.81,1282.24,525.81,1312.01,525.81,29.77,12.1,2,-28.06,2.69,-105.0,105.0
6.37,27, black car,1293.89,526.16,1278.68,526.16,1309.09,526.16,30.42,12.33,2,-30.0,3.24,-64.67,18.33
6.4,27, black car,1290.86,526.43,1275.63,526.43,1306.1,526.43,30.48,12.37,2,-28.06,2.5,64.67,-24.67
6.43,27, black car,1287.86,526.53,1272.76,526.53,1302.96,526.53,30.2,12.26,2,-27.78,0.93,9.33,-52.33
6.47,27, black car,1284.83,526.56,1269.86,526.56,1299.81,526.56,29.96,12.13,2,-28.06,0.28,-9.33,-21.67
6.5,27, black car,1281.61,526.6,1266.73,526.6,1296.49,526.6,29.76,12.0,2,-29.81,0.37,-58.33,3.0
6.53,27, black car,1278.76,526.64,1263.83,526.64,1293.7,526.64,29.87,12.03,2,-26.39,0.37,114.0,0.0
6.57,27, black car,1276.13,526.71,1261.03,526.71,1291.23,526.71,30.2,12.17,2,-24.35,0.65,68.0,9.33
6.6,27, black car,1273.35,526.91,1258.21,526.91,1288.5,526.91,30.29,12.22,2,-25.74,1.85,-46.33,40.0
6.67,27, black car,1267.35,526.92,1252.64,526.92,1282.06,526.92,29.43,11.9,2,-55.56,0.09,-994.0,-58.67
6.7,27, black car,1264.43,526.89,1249.6,526.89,1279.27,526.89,29.67,12.04,2,-27.04,-0.28,950.67,-12.33
6.73,27, black car,1261.9,526.99,1246.76,526.99,1277.05,526.99,30.29,12.35,2,-23.43,0.93,120.33,40.33
6.77,27, black car,1259.36,527.05,1244.19,527.05,1274.52,527.05,30.33,12.4,2,-23.52,0.56,-3.0,-12.33
6.8,27, black car,1257.06,527.02,1241.95,527.02,1272.17,527.02,30.22,12.32,2,-21.3,-0.28,74.0,-28.0
6.83,27, black car,1254.55,527.13,1239.57,527.13,1269.53,527.13,29.96,12.16,2,-23.24,1.02,-64.67,43.33
6.87,27, black car,1250.88,527.36,1236.22,527.36,1265.55,527.36,29.33,11.89,2,-33.98,2.13,-358.0,37.0
6.9,27, black car,1247.37,527.7,1232.68,527.7,1262.06,527.7,29.37,11.9,2,-32.5,3.15,49.33,34.0
6.93,27, black car,1244.25,527.83,1229.59,527.83,1258.91,527.83,29.32,11.87,2,-28.89,1.2,120.33,-65.0
6.97,27, black car,1241.81,528.11,1227.51,528.11,1256.1,528.11,28.59,11.53,2,-22.59,2.59,210.0,46.33
7.0,27, black car,1238.58,527.96,1224.12,527.96,1253.03,527.96,28.91,11.65,2,-29.91,-1.39,-244.0,-132.67
7.03,27, black car,1236.09,528.07,1221.49,528.07,1250.69,528.07,29.2,11.77,2,-23.06,1.02,228.33,80.33
7.07,27, black car,1233.69,528.49,1218.75,528.49,1248.63,528.49,29.88,12.06,2,-22.22,3.89,28.0,95.67
7.1,27, black car,1231.35,528.4,1216.39,528.4,1246.31,528.4,29.91,12.05,2,-21.67,-0.83,18.33,-157.33
7.13,27, black car,1229.09,528.25,1214.45,528.25,1243.74,528.25,29.28,11.74,2,-20.93,-1.39,24.67,-18.67
7.17,27, black car,1226.06,528.51,1211.72,528.51,1240.39,528.51,28.67,11.44,2,-28.06,2.41,-237.67,126.67
7.2,27, black car,1222.83,528.57,1208.54,528.57,1237.11,528.57,28.57,11.38,2,-29.91,0.56,-61.67,-61.67
7.23,27, black car,1219.56,528.67,1205.13,528.67,1234.0,528.67,28.87,11.52,2,-30.28,0.93,-12.33,12.33
7.27,27, black car,1216.73,528.82,1201.76,528.82,1231.69,528.82,29.93,11.95,2,-26.2,1.39,136.0,15.33
7.3,27, black car,1214.05,528.66,1199.2,528.66,1228.9,528.66,29.69,11.8,2,-24.81,-1.48,46.33,-95.67
7.33,27, black car,1210.85,528.73,1195.64,528.73,1226.07,528.73,30.43,12.11,2,-29.63,0.65,-160.67,71.0
7.37,27, black car,1207.98,529.09,1193.23,529.09,1222.74,529.09,29.52,11.75,2,-26.57,3.33,102.0,89.33
7.4,27, black car,1204.98,529.45,1190.09,529.45,1219.87,529.45,29.77,11.92,2,-27.78,3.33,-40.33,0.0
7.43,27, black car,1201.78,529.64,1186.73,529.64,1216.82,529.64,30.09,12.09,2,-29.63,1.76,-61.67,-52.33
7.47,27, black car,1199.1,529.61,1184.15,529.61,1214.06,529.61,29.91,12.03,2,-24.81,-0.28,160.67,-68.0
7.5,27, black car,1196.36,529.84,1180.96,529.84,1211.76,529.84,30.8,12.42,2,-25.37,2.13,-18.67,80.33
7.53,27, black car,1193.19,530.04,1177.5,530.04,1208.88,530.04,31.38,12.71,2,-29.35,1.85,-132.67,-9.33
7.57,27, black car,1190.25,530.16,1174.11,530.16,1206.4,530.16,32.29,13.16,2,-27.22,1.11,71.0,-24.67
7.6,27, black car,1187.57,530.02,1171.65,530.02,1203.5,530.02,31.85,13.01,2,-24.81,-1.3,80.33,-80.33
7.63,27, black car,1185.08,530.12,1169.08,530.12,1201.08,530.12,32.0,13.06,2,-23.06,0.93,58.33,74.33
7.67,27, black car,1182.28,530.33,1166.49,530.33,1198.08,530.33,31.59,12.87,2,-25.93,1.94,-95.67,33.67
7.7,27, black car,1179.65,530.41,1164.01,530.41,1195.29,530.41,31.28,12.79,2,-24.35,0.74,52.67,-40.0
7.73,27, black car,1176.69,530.91,1160.92,530.91,1192.45,530.91,31.53,12.93,2,-27.41,4.63,-102.0,129.67
7.77,27, black car,1173.31,530.93,1157.95,530.93,1188.66,530.93,30.7,12.59,2,-31.3,0.19,-129.67,-148.0
7.8,27, black car,1170.3,531.16,1155.22,531.16,1185.38,531.16,30.16,12.36,2,-27.87,2.13,114.33,64.67
7.83,27, black car,1167.46,531.16,1152.5,531.16,1182.42,531.16,29.92,12.28,2,-26.3,0.0,52.33,-71.0
7.87,27, black car,1164.72,531.39,1150.09,531.39,1179.36,531.39,29.27,12.05,2,-25.37,2.13,31.0,71.0
7.9,27, black car,1161.81,531.49,1147.34,531.49,1176.29,531.49,28.95,11.94,2,-26.94,0.93,-52.33,-40.0
7.93,27, black car,1158.19,531.37,1144.02,531.37,1172.35,531.37,28.33,11.64,2,-33.52,-1.11,-219.33,-68.0
7.97,27, black car,1155.3,531.41,1141.05,531.41,1169.56,531.41,28.51,11.71,2,-26.76,0.37,225.33,49.33
8.0,27, black car,1152.78,531.45,1138.44,531.45,1167.12,531.45,28.68,11.77,2,-23.33,0.37,114.33,0.0
8.03,27, black car,1149.84,531.98,1135.13,531.98,1164.55,531.98,29.42,12.07,2,-27.22,4.91,-129.67,151.33
8.07,27, black car,1147.11,532.0,1132.01,532.0,1162.21,532.0,30.2,12.4,2,-25.28,0.19,64.67,-157.33
8.1,27, black car,1144.38,531.98,1129.18,531.98,1159.58,531.98,30.4,12.49,2,-25.28,-0.19,0.0,-12.67
8.13,27, black car,1141.66,531.93,1126.6,531.93,1156.72,531.93,30.12,12.41,2,-25.19,-0.46,3.0,-9.0
8.17,27, black car,1138.84,531.95,1123.44,531.95,1154.25,531.95,30.81,12.71,2,-26.11,0.19,-30.67,21.67
8.2,27, black car,1135.78,532.17,1120.2,532.17,1151.35,532.17,31.15,12.88,2,-28.33,2.04,-74.0,61.67
8.23,27, black car,1133.02,532.15,1117.35,532.15,1148.69,532.15,31.33,13.02,2,-25.56,-0.19,92.33,-74.33
8.27,27, black car,1130.21,532.17,1114.96,532.17,1145.46,532.17,30.5,12.69,2,-26.02,0.19,-15.33,12.67
8.3,27, black car,1127.27,532.38,1112.5,532.38,1142.05,532.38,29.55,12.27,2,-27.22,1.94,-40.0,58.33
8.33,27, black car,1124.16,532.48,1109.58,532.48,1138.75,532.48,29.17,12.08,2,-28.8,0.93,-52.67,-33.67
8.37,27, black car,1121.34,532.71,1106.92,532.71,1135.75,532.71,28.83,11.91,2,-26.11,2.13,89.67,40.0
8.4,27, black car,1118.63,532.86,1104.25,532.86,1133.0,532.86,28.75,11.89,2,-25.09,1.39,34.0,-24.67
8.43,27, black car,1115.2,532.92,1100.67,532.92,1129.74,532.92,29.07,11.99,2,-31.76,0.56,-222.33,-27.67
8.47,27, black car,1112.15,533.0,1097.61,533.0,1126.68,533.0,29.07,11.97,2,-28.24,0.74,117.33,6.0
8.5,27, black car,1109.43,532.97,1094.82,532.97,1124.03,532.97,29.2,12.03,2,-25.19,-0.28,101.67,-34.0
8.53,27, black car,1106.67,533.04,1091.73,533.04,1121.61,533.04,29.88,12.34,2,-25.56,0.65,-12.33,31.0
8.57,27, black car,1103.79,533.14,1088.78,533.14,1118.79,533.14,30.01,12.42,2,-26.67,0.93,-37.0,9.33
8.6,27, black car,1100.67,533.19,1085.68,533.19,1115.65,533.19,29.97,12.39,2,-28.89,0.46,-74.0,-15.67
8.63,27, black car,1098.21,533.24,1083.2,533.24,1113.22,533.24,30.02,12.41,2,-22.78,0.46,203.67,0.0
8.67,27, black car,1095.53,533.4,1080.69,533.4,1110.37,533.4,29.69,12.28,2,-24.81,1.48,-67.67,34.0
8.7,27, black car,1092.34,533.51,1077.5,533.51,1107.17,533.51,29.67,12.3,2,-29.54,1.02,-157.67,-15.33
8.73,27, black car,1089.59,533.81,1074.6,533.81,1104.57,533.81,29.96,12.45,2,-25.46,2.78,136.0,58.67
8.77,27, black car,1086.26,533.97,1071.57,533.97,1100.95,533.97,29.37,12.19,2,-30.83,1.48,-179.0,-43.33
8.8,27, black car,1083.2,534.13,1068.06,534.13,1098.34,534.13,30.28,12.57,2,-28.33,1.48,83.33,0.0
8.83,27, black car,1080.2,534.23,1065.22,534.23,1095.18,534.23,29.96,12.46,2,-27.78,0.93,18.33,-18.33
8.87,27, black car,1077.79,534.33,1062.93,534.33,1092.66,534.33,29.73,12.38,2,-22.31,0.93,182.33,0.0
8.9,27, black car,1075.27,534.56,1060.95,534.56,1089.58,534.56,28.63,11.92,2,-23.33,2.13,-34.0,40.0
8.93,27, black car,1072.37,534.79,1058.44,534.79,1086.29,534.79,27.85,11.57,2,-26.85,2.13,-117.33,0.0
8.97,27, black car,1068.92,534.86,1054.85,534.86,1082.98,534.86,28.13,11.65,2,-31.94,0.65,-169.67,-49.33
9.0,27, black car,1066.36,535.02,1052.42,535.02,1080.3,535.02,27.88,11.53,2,-23.7,1.48,274.67,27.67
9.03,27, black car,1063.5,535.19,1049.45,535.19,1077.56,535.19,28.11,11.61,2,-26.48,1.57,-92.67,3.0
9.07,27, black car,1060.63,535.24,1046.72,535.24,1074.53,535.24,27.82,11.45,2,-26.57,0.46,-3.0,-37.0
9.1,27, black car,1057.94,535.17,1044.08,535.17,1071.8,535.17,27.72,11.37,2,-24.91,-0.65,55.33,-37.0
9.13,27, black car,1055.01,535.02,1040.69,535.02,1069.33,535.02,28.64,11.73,2,-27.13,-1.39,-74.0,-24.67
9.17,27, black car,1052.05,535.18,1037.76,535.18,1066.34,535.18,28.57,11.69,2,-27.41,1.48,-9.33,95.67
9.2,27, black car,1049.3,535.42,1034.89,535.42,1063.7,535.42,28.81,11.79,2,-25.46,2.22,65.0,24.67
9.23,27, black car,1046.23,535.45,1032.05,535.45,1060.41,535.45,28.36,11.59,2,-28.43,0.28,-99.0,-64.67
9.27,27, black car,1043.72,535.63,1029.67,535.63,1057.78,535.63,28.11,11.46,2,-23.24,1.67,173.0,46.33
9.3,27, black car,1040.74,535.84,1026.78,535.84,1054.7,535.84,27.92,11.39,2,-27.59,1.94,-145.0,9.0
9.33,27, black car,1037.98,535.85,1024.13,535.85,1051.83,535.85,27.7,11.31,2,-25.56,0.09,67.67,-61.67
9.37,27, black car,1035.06,535.75,1021.17,535.75,1048.96,535.75,27.79,11.37,2,-27.04,-0.93,-49.33,-34.0
9.4,27, black car,1032.25,535.81,1018.3,535.81,1046.2,535.81,27.9,11.4,2,-26.02,0.56,34.0,49.67
9.43,27, black car,1029.08,535.87,1014.88,535.87,1043.29,535.87,28.4,11.59,2,-29.35,0.56,-111.0,0.0
9.47,27, black car,1025.53,535.93,1011.09,535.93,1039.98,535.93,28.89,11.8,2,-32.87,0.56,-117.33,0.0
9.5,27, black car,1022.34,536.2,1007.78,536.2,1036.91,536.2,29.14,11.93,2,-29.54,2.5,111.0,64.67
9.53,27, black car,1019.65,536.16,1004.95,536.16,1034.35,536.16,29.4,12.06,2,-24.91,-0.37,154.33,-95.67
9.57,27, black car,1017.4,536.22,1002.63,536.22,1032.17,536.22,29.54,12.11,2,-20.83,0.56,136.0,31.0
9.6,27, black car,1014.7,536.49,1000.04,536.49,1029.36,536.49,29.32,12.02,2,-25.0,2.5,-139.0,64.67
9.63,27, black car,1012.23,536.3,997.7,536.3,1026.75,536.3,29.05,11.9,2,-22.87,-1.76,71.0,-142.0
9.67,27, black car,1009.25,536.36,994.65,536.36,1023.85,536.36,29.2,12.0,2,-27.59,0.56,-157.33,77.33
9.7,27, black car,1006.5,536.52,991.61,536.52,1021.39,536.52,29.77,12.29,2,-25.46,1.48,71.0,30.67
9.73,27, black car,1004.35,536.31,989.51,536.31,1019.18,536.31,29.68,12.24,2,-19.91,-1.94,185.0,-114.0
9.77,27, black car,1001.94,536.43,986.94,536.43,1016.94,536.43,29.99,12.33,2,-22.31,1.11,-80.0,101.67
9.8,27, black car,999.25,536.63,984.13,536.63,1014.37,536.63,30.25,12.4,2,-24.91,1.85,-86.67,24.67
9.83,27, black car,995.69,536.97,980.4,536.97,1010.99,536.97,30.59,12.58,2,-32.96,3.15,-268.33,43.33
9.87,27, black car,992.93,537.03,977.45,537.03,1008.41,537.03,30.97,12.78,2,-25.56,0.56,246.67,-86.33
9.9,27, black car,990.01,537.26,974.79,537.26,1005.24,537.26,30.45,12.56,2,-27.04,2.13,-49.33,52.33
9.93,27, black car,987.04,537.23,971.99,537.23,1002.1,537.23,30.11,12.44,2,-27.5,-0.28,-15.33,-80.33
9.97,27, black car,983.59,537.35,968.96,537.35,998.22,537.35,29.26,12.09,2,-31.94,1.11,-148.0,46.33
7.43,45, white car,1356.23,523.42,1340.23,523.42,1372.24,523.42,32.01,13.34,2,0.0,0.0,0.0,0.0
7.47,45, white car,1352.91,523.49,1336.74,523.49,1369.08,523.49,32.33,13.47,2,-30.74,0.65,0.0,0.0
7.5,45, white car,1349.75,523.46,1333.52,523.46,1365.98,523.46,32.46,13.57,2,-29.26,-0.28,49.33,-31.0
7.53,45, white car,1346.67,523.61,1330.65,523.61,1362.69,523.61,32.05,13.39,2,-28.52,1.39,24.67,55.67
7.57,45, white car,1343.54,523.74,1327.37,523.74,1359.71,523.74,32.34,13.5,2,-28.98,1.2,-15.33,-6.33
7.6,45, white car,1340.84,523.9,1325.16,523.9,1356.52,523.9,31.36,13.02,2,-25.0,1.48,132.67,9.33
7.63,45, white car,1337.59,523.99,1321.91,523.99,1353.27,523.99,31.35,12.96,2,-30.09,0.83,-169.67,-21.67
7.67,45, white car,1334.4,524.09,1318.6,524.09,1350.19,524.09,31.59,13.03,2,-29.54,0.93,18.33,3.33
7.7,45, white car,1331.03,524.34,1315.07,524.34,1346.99,524.34,31.92,13.14,2,-31.2,2.31,-55.33,46.0
7.73,45, white car,1328.13,524.64,1312.14,524.64,1344.12,524.64,31.98,13.14,2,-26.85,2.78,145.0,15.67
7.77,45, white car,1325.2,524.73,1309.45,524.73,1340.96,524.73,31.5,12.91,2,-27.13,0.83,-9.33,-65.0
7.8,45, white car,1322.13,524.82,1306.42,524.82,1337.84,524.82,31.43,12.83,2,-28.43,0.83,-43.33,0.0
7.83,45, white car,1319.0,524.94,1303.01,524.94,1334.99,524.94,31.98,13.05,2,-28.98,1.11,-18.33,9.33
7.87,45, white car,1316.11,525.01,1300.15,525.01,1332.07,525.01,31.92,13.0,2,-26.76,0.65,74.0,-15.33
7.9,45, white car,1313.13,525.11,1297.22,525.11,1329.05,525.11,31.83,12.92,2,-27.59,0.93,-27.67,9.33
7.93,45, white car,1309.77,525.0,1294.07,525.0,1325.48,525.0,31.4,12.7,2,-31.11,-1.02,-117.33,-65.0
7.97,45, white car,1306.57,525.01,1290.74,525.01,1322.41,525.01,31.67,12.8,2,-29.63,0.09,49.33,37.0
8.0,45, white car,1303.34,525.32,1287.15,525.32,1319.52,525.32,32.37,13.09,2,-29.91,2.87,-9.33,92.67
8.03,45, white car,1300.42,525.53,1284.28,525.53,1316.57,525.53,32.29,13.08,2,-27.04,1.94,95.67,-31.0
8.07,45, white car,1297.53,525.41,1281.82,525.41,1313.24,525.41,31.42,12.68,2,-26.76,-1.11,9.33,-101.67
8.1,45, white car,1293.98,525.65,1277.86,525.65,1310.11,525.65,32.24,13.02,2,-32.87,2.22,-203.67,111.0
8.13,45, white car,1291.06,525.93,1274.49,525.93,1307.63,525.93,33.14,13.41,2,-27.04,2.59,194.33,12.33
8.17,45, white car,1288.31,526.12,1271.7,526.12,1304.92,526.12,33.22,13.46,2,-25.46,1.76,52.67,-27.67
8.2,45, white car,1285.34,526.31,1268.67,526.31,1302.02,526.31,33.35,13.54,2,-27.5,1.76,-68.0,0.0
8.23,45, white car,1282.45,526.28,1265.89,526.28,1299.02,526.28,33.14,13.45,2,-26.76,-0.28,24.67,-68.0
8.27,45, white car,1278.96,526.36,1262.62,526.36,1295.3,526.36,32.68,13.29,2,-32.31,0.74,-185.0,34.0
8.3,45, white car,1275.58,526.52,1258.84,526.52,1292.32,526.52,33.48,13.68,2,-31.3,1.48,33.67,24.67
8.33,45, white car,1272.87,526.76,1255.79,526.76,1289.95,526.76,34.15,14.02,2,-25.09,2.22,207.0,24.67
8.37,45, white car,1270.18,526.53,1253.86,526.53,1286.49,526.53,32.62,13.38,2,-24.91,-2.13,6.0,-145.0
8.4,45, white car,1266.88,526.51,1250.91,526.51,1282.84,526.51,31.93,13.06,2,-30.56,-0.19,-188.33,64.67
8.43,45, white car,1263.61,526.69,1247.39,526.69,1279.82,526.69,32.42,13.3,2,-30.28,1.67,9.33,62.0
8.47,45, white car,1260.76,526.69,1244.37,526.69,1277.15,526.69,32.78,13.45,2,-26.39,0.0,129.67,-55.67
8.5,45, white car,1257.67,526.78,1241.44,526.78,1273.91,526.78,32.47,13.29,2,-28.61,0.83,-74.0,27.67
8.53,45, white car,1254.81,526.79,1238.78,526.79,1270.84,526.79,32.06,13.11,2,-26.48,0.09,71.0,-24.67
8.57,45, white car,1251.34,526.97,1235.3,526.97,1267.39,526.97,32.1,13.13,2,-32.13,1.67,-188.33,52.67
8.6,45, white car,1248.18,527.24,1231.88,527.24,1264.48,527.24,32.6,13.38,2,-29.26,2.5,95.67,27.67
8.63,45, white car,1245.34,527.51,1228.98,527.51,1261.7,527.51,32.73,13.44,2,-26.3,2.5,98.67,0.0
8.67,45, white car,1242.35,527.67,1226.21,527.67,1258.5,527.67,32.29,13.27,2,-27.69,1.48,-46.33,-34.0
8.7,45, white car,1239.45,527.86,1223.36,527.86,1255.54,527.86,32.18,13.21,2,-26.85,1.76,28.0,9.33
8.73,45, white car,1236.64,528.09,1220.47,528.09,1252.8,528.09,32.33,13.28,2,-26.02,2.13,27.67,12.33
8.77,45, white car,1233.48,527.99,1217.39,527.99,1249.57,527.99,32.18,13.21,2,-29.26,-0.93,-108.0,-102.0
8.8,45, white car,1230.25,528.16,1214.0,528.16,1246.5,528.16,32.5,13.34,2,-29.91,1.57,-21.67,83.33
8.83,45, white car,1227.56,528.12,1211.51,528.12,1243.62,528.12,32.11,13.18,2,-24.91,-0.37,166.67,-64.67
8.87,45, white car,1224.27,528.28,1208.37,528.28,1240.17,528.28,31.8,13.04,2,-30.46,1.48,-185.0,61.67
8.9,45, white car,1221.13,528.33,1204.83,528.33,1237.42,528.33,32.59,13.38,2,-29.07,0.46,46.33,-34.0
8.93,45, white car,1218.07,528.4,1201.35,528.4,1234.79,528.4,33.44,13.75,2,-28.33,0.65,24.67,6.33
8.97,45, white car,1215.2,528.59,1198.4,528.59,1232.01,528.59,33.61,13.83,2,-26.57,1.76,58.67,37.0
9.0,45, white car,1212.46,528.75,1195.9,528.75,1229.02,528.75,33.12,13.65,2,-25.37,1.48,40.0,-9.33
9.03,45, white car,1209.45,528.8,1192.83,528.8,1226.08,528.8,33.25,13.71,2,-27.87,0.46,-83.33,-34.0
9.07,45, white car,1206.43,528.83,1189.75,528.83,1223.12,528.83,33.38,13.79,2,-27.96,0.28,-3.0,-6.0
9.1,45, white car,1203.26,528.95,1186.68,528.95,1219.84,528.95,33.16,13.75,2,-29.35,1.11,-46.33,27.67
9.13,45, white car,1200.21,529.08,1183.7,529.08,1216.72,529.08,33.02,13.71,2,-28.24,1.2,37.0,3.0
9.17,45, white car,1197.3,529.24,1181.09,529.24,1213.51,529.24,32.41,13.46,2,-26.94,1.48,43.33,9.33
9.2,45, white car,1194.36,529.51,1178.3,529.51,1210.42,529.51,32.13,13.34,2,-27.22,2.5,-9.33,34.0
9.23,45, white car,1191.28,529.52,1175.35,529.52,1207.21,529.52,31.87,13.22,2,-28.52,0.09,-43.33,-80.33
9.27,45, white car,1188.34,529.63,1172.44,529.63,1204.24,529.63,31.8,13.2,2,-27.22,1.02,43.33,31.0
9.3,45, white car,1185.58,529.72,1169.7,529.72,1201.46,529.72,31.77,13.19,2,-25.56,0.83,55.33,-6.33
9.33,45, white car,1182.73,529.66,1166.95,529.66,1198.51,529.66,31.56,13.09,2,-26.39,-0.56,-27.67,-46.33
9.37,45, white car,1179.7,529.76,1163.82,529.76,1195.58,529.76,31.76,13.17,2,-28.06,0.93,-55.67,49.67
9.4,45, white car,1176.53,530.04,1160.3,530.04,1192.75,530.04,32.44,13.46,2,-29.35,2.59,-43.0,55.33
9.43,45, white car,1173.52,530.12,1157.25,530.12,1189.79,530.12,32.54,13.53,2,-27.87,0.74,49.33,-61.67
9.47,45, white car,1170.6,530.2,1154.67,530.2,1186.54,530.2,31.87,13.27,2,-27.04,0.74,27.67,0.0
9.5,45, white car,1167.4,530.38,1151.59,530.38,1183.22,530.38,31.63,13.17,2,-29.63,1.67,-86.33,31.0
9.53,45, white car,1164.36,530.64,1148.26,530.64,1180.47,530.64,32.21,13.43,2,-28.15,2.41,49.33,24.67
9.57,45, white car,1161.31,530.71,1145.34,530.71,1177.27,530.71,31.93,13.34,2,-28.24,0.65,-3.0,-58.67
9.6,45, white car,1158.16,530.91,1142.33,530.91,1174.0,530.91,31.67,13.23,2,-29.17,1.85,-31.0,40.0
9.63,45, white car,1155.26,530.98,1139.83,530.98,1170.69,530.98,30.86,12.89,2,-26.85,0.65,77.33,-40.0
9.67,45, white car,1152.38,531.17,1136.79,531.17,1167.97,531.17,31.19,13.05,2,-26.67,1.76,6.0,37.0
9.7,45, white car,1149.6,531.28,1133.86,531.28,1165.34,531.28,31.47,13.19,2,-25.74,1.02,31.0,-24.67
9.73,45, white car,1146.73,531.22,1131.08,531.22,1162.38,531.22,31.3,13.13,2,-26.57,-0.56,-27.67,-52.67
9.77,45, white car,1143.72,531.24,1128.18,531.24,1159.27,531.24,31.1,13.06,2,-27.87,0.19,-43.33,25.0
9.8,45, white car,1140.74,531.05,1125.4,531.05,1156.09,531.05,30.7,12.86,2,-27.59,-1.76,9.33,-65.0
9.83,45, white car,1137.89,531.27,1122.24,531.27,1153.54,531.27,31.3,13.13,2,-26.39,2.04,40.0,126.67
9.87,45, white car,1134.53,531.39,1118.63,531.39,1150.42,531.39,31.79,13.36,2,-31.11,1.11,-157.33,-31.0
9.9,45, white car,1131.71,531.48,1115.98,531.48,1147.43,531.48,31.46,13.21,2,-26.11,0.83,166.67,-9.33
9.93,45, white car,1129.03,531.48,1113.33,531.48,1144.73,531.48,31.4,13.2,2,-24.81,0.0,43.33,-27.67
9.97,45, white car,1125.97,531.45,1110.41,531.45,1141.52,531.45,31.11,13.08,2,-28.33,-0.28,-117.33,-9.33
8.3,52, black car,1349.51,513.26,1335.62,513.26,1363.39,513.26,27.77,12.5,1,0.0,0.0,0.0,0.0
8.33,52, black car,1346.53,513.46,1332.43,513.46,1360.63,513.46,28.2,12.57,1,-27.59,1.85,0.0,0.0
8.37,52, black car,1343.54,513.66,1329.53,513.66,1357.54,513.66,28.01,12.32,1,-27.69,1.85,-3.33,0.0
8.4,52, black car,1340.53,513.9,1326.33,513.9,1354.73,513.9,28.4,12.38,1,-27.87,2.22,-6.0,12.33
8.43,52, black car,1337.95,514.13,1323.52,514.13,1352.39,514.13,28.86,12.45,1,-23.89,2.13,132.67,-3.0
8.47,52, black car,1335.54,514.05,1320.95,514.05,1350.13,514.05,29.17,12.48,1,-22.31,-0.74,52.67,-95.67
8.5,52, black car,1332.94,514.18,1318.2,514.18,1347.68,514.18,29.49,12.51,1,-24.07,1.2,-58.67,64.67
8.53,52, black car,1329.28,514.47,1315.01,514.47,1343.56,514.47,28.55,12.06,1,-33.89,2.69,-327.33,49.67
8.57,52, black car,1326.14,514.82,1311.74,514.82,1340.55,514.82,28.8,12.13,1,-29.07,3.24,160.67,18.33
8.6,52, black car,1323.02,515.29,1308.84,515.29,1337.2,515.29,28.36,11.89,1,-28.89,4.35,6.0,37.0
8.63,52, black car,1320.29,515.5,1305.59,515.5,1334.99,515.5,29.39,12.32,1,-25.28,1.94,120.33,-80.33
8.67,52, black car,1317.69,515.46,1302.62,515.46,1332.76,515.46,30.15,12.62,1,-24.07,-0.37,40.33,-77.0
8.7,52, black car,1314.25,515.75,1299.49,515.75,1329.01,515.75,29.51,12.37,1,-31.85,2.69,-259.33,102.0
8.73,52, black car,1311.26,515.99,1296.36,515.99,1326.17,515.99,29.81,12.52,1,-27.69,2.22,138.67,-15.67
8.77,52, black car,1308.18,516.34,1293.51,516.34,1322.85,516.34,29.34,12.3,2,-28.52,3.24,-27.67,34.0
8.8,52, black car,1305.61,516.82,1290.67,516.82,1320.55,516.82,29.87,12.55,2,-23.8,4.44,157.33,40.0
8.83,52, black car,1303.09,517.07,1288.04,517.07,1318.13,517.07,30.1,12.64,2,-23.33,2.31,15.67,-71.0
8.87,52, black car,1300.51,517.03,1285.61,517.03,1315.4,517.03,29.79,12.5,2,-23.89,-0.37,-18.67,-89.33
8.9,52, black car,1297.57,517.08,1282.68,517.08,1312.46,517.08,29.78,12.5,2,-27.22,0.46,-111.0,27.67
8.93,52, black car,1294.6,517.54,1279.56,517.54,1309.65,517.54,30.09,12.6,2,-27.5,4.26,-9.33,126.67
8.97,52, black car,1291.65,517.76,1276.83,517.76,1306.48,517.76,29.65,12.4,2,-27.31,2.04,6.33,-74.0
9.0,52, black car,1288.25,518.67,1273.75,518.67,1302.74,518.67,28.98,12.13,2,-31.48,8.43,-139.0,213.0
9.03,52, black car,1284.99,519.09,1270.97,519.09,1299.01,519.09,28.05,11.72,2,-30.19,3.89,43.0,-151.33
9.07,52, black car,1282.05,519.56,1268.33,519.56,1295.77,519.56,27.43,11.47,2,-27.22,4.35,99.0,15.33
9.1,52, black car,1279.33,519.68,1265.21,519.68,1293.44,519.68,28.23,11.8,2,-25.19,1.11,67.67,-108.0
9.13,52, black car,1276.49,519.71,1262.21,519.71,1290.76,519.71,28.55,11.95,2,-26.3,0.28,-37.0,-27.67
9.17,52, black car,1273.74,519.8,1259.42,519.8,1288.06,519.8,28.64,11.96,2,-25.46,0.83,28.0,18.33
9.2,52, black car,1271.0,520.13,1256.79,520.13,1285.21,520.13,28.42,11.81,2,-25.37,3.06,3.0,74.33
9.23,52, black car,1267.86,520.39,1253.95,520.39,1281.77,520.39,27.82,11.53,2,-29.07,2.41,-123.33,-21.67
9.27,52, black car,1264.96,520.73,1250.91,520.73,1279.01,520.73,28.11,11.59,2,-26.85,3.15,74.0,24.67
9.3,52, black car,1262.35,520.97,1248.05,520.97,1276.64,520.97,28.59,11.76,2,-24.17,2.22,89.33,-31.0
9.33,52, black car,1259.56,521.16,1245.27,521.16,1273.84,521.16,28.57,11.73,2,-25.83,1.76,-55.33,-15.33
9.37,52, black car,1256.85,521.07,1242.58,521.07,1271.13,521.07,28.55,11.72,2,-25.09,-0.83,24.67,-86.33
9.4,52, black car,1254.21,521.31,1240.06,521.31,1268.35,521.31,28.3,11.6,2,-24.44,2.22,21.67,101.67
9.43,52, black car,1251.64,521.58,1237.23,521.58,1266.06,521.58,28.83,11.78,2,-23.8,2.5,21.33,9.33
9.47,52, black car,1249.02,521.76,1234.45,521.76,1263.59,521.76,29.14,11.89,2,-24.26,1.67,-15.33,-27.67
9.5,52, black car,1245.68,522.09,1231.41,522.09,1259.95,522.09,28.54,11.64,2,-30.93,3.06,-222.33,46.33
9.53,52, black car,1242.87,522.31,1228.67,522.31,1257.07,522.31,28.41,11.56,2,-26.02,2.04,163.67,-34.0
9.57,52, black car,1239.86,522.61,1225.66,522.61,1254.07,522.61,28.41,11.55,2,-27.87,2.78,-61.67,24.67
9.6,52, black car,1236.55,523.22,1222.4,523.22,1250.71,523.22,28.31,11.49,2,-30.65,5.65,-92.67,95.67
9.63,52, black car,1233.94,523.42,1219.5,523.42,1248.38,523.42,28.88,11.68,2,-24.17,1.85,216.0,-126.67
9.67,52, black car,1231.61,523.53,1217.49,523.53,1245.72,523.53,28.23,11.35,2,-21.57,1.02,86.67,-27.67
9.7,52, black car,1228.92,523.63,1214.71,523.63,1243.14,523.63,28.42,11.38,2,-24.91,0.93,-111.33,-3.0
9.73,52, black car,1226.24,523.84,1211.9,523.84,1240.59,523.84,28.69,11.43,2,-24.81,1.94,3.33,33.67
9.77,52, black car,1223.29,524.2,1208.76,524.2,1237.82,524.2,29.06,11.53,2,-27.31,3.33,-83.33,46.33
9.8,52, black car,1220.21,524.33,1205.48,524.33,1234.93,524.33,29.45,11.67,2,-28.52,1.2,-40.33,-71.0
9.83,52, black car,1217.98,524.24,1203.04,524.24,1232.93,524.24,29.89,11.83,2,-20.65,-0.83,262.33,-67.67
9.87,52, black car,1215.38,524.16,1200.45,524.16,1230.32,524.16,29.87,11.8,2,-24.07,-0.74,-114.0,3.0
9.9,52, black car,1212.53,524.29,1197.69,524.29,1227.36,524.29,29.67,11.72,2,-26.39,1.2,-77.33,64.67
9.93,52, black car,1210.13,524.34,1195.03,524.34,1225.22,524.34,30.19,11.89,2,-22.22,0.46,139.0,-24.67
9.97,52, black car,1206.77,524.47,1191.8,524.47,1221.74,524.47,29.94,11.78,2,-31.11,1.2,-296.33,24.67
